Chromosome	Start	End	Sample	Type	CopyNumber	LOH
chr1	8146689	8831283	B1MET	GAIN	5	0
chr1	30844120	31417458	B1MET	GAIN	3	0
chr1	95004410	95352030	B1MET	GAIN	4	0
chr2	88753047	90237441	B1MET	GAIN	3	2
chr2	100746573	102362333	B1MET	GAIN	5	0
chr2	109198530	109798726	B1MET	GAIN	6	0
chr2	109807885	109809695	B1MET	GAIN	4	0
chr2	109813592	110439031	B1MET	GAIN	4	2
chr2	216449837	218423237	B1MET	GAIN	5	0
chr3	16639754	16656331	B1MET	GAIN	5	1
chr3	74513576	76477010	B1MET	GAIN	5	0
chr3	86654664	86720689	B1MET	GAIN	5	0
chr3	95784872	97713804	B1MET	GAIN	4	2
chr3	154980236	156468970	B1MET	GAIN	4	0
chr3	156499981	156499981	B1MET	GAIN	3	0
chr3	169080185	170440005	B1MET	GAIN	3	0
chr3	170463622	171145711	B1MET	GAIN	5	0
chr3	171160434	172241866	B1MET	GAIN	6	0
chr3	172270437	172270437	B1MET	GAIN	3	0
chr3	174504462	174506772	B1MET	GAIN	3	1
chr3	179322385	179341034	B1MET	GAIN	3	1
chr3	195964687	197811684	B1MET	GAIN	3	1
chr5	124512345	125274491	B1MET	GAIN	4	1
chr6	57367388	58028607	B1MET	GAIN	4	0
chr6	66496110	66506140	B1MET	GAIN	5	0
chr6	82092004	82120647	B1MET	GAIN	5	0
chr6	94491539	94506748	B1MET	GAIN	5	0
chr6	94636574	95592790	B1MET	GAIN	3	0
chr6	95597741	95841116	B1MET	GAIN	5	0
chr6	95857781	96846975	B1MET	GAIN	6	0
chr6	99294322	99294322	B1MET	GAIN	6	0
chr6	99431200	99431200	B1MET	GAIN	5	0
chr6	101147095	101495639	B1MET	GAIN	4	0
chr6	106152393	107329406	B1MET	GAIN	6	1
chr6	133396241	133865464	B1MET	GAIN	5	0
chr6	133897107	135468891	B1MET	GAIN	6	0
chr7	4401550	5122645	B1MET	GAIN	3	0
chr7	45122324	45984645	B1MET	GAIN	4	0
chr7	62836933	64225274	B1MET	GAIN	4	0
chr7	64256482	64256482	B1MET	GAIN	5	0
chr7	64292695	64827987	B1MET	GAIN	5	1
chr7	77122188	78092244	B1MET	GAIN	3	2
chr7	122990979	123700519	B1MET	GAIN	6	0
chr7	123712562	123721563	B1MET	GAIN	5	0
chr7	123797641	125321117	B1MET	GAIN	6	0
chr7	125372123	127143881	B1MET	GAIN	5	0
chr8	74973218	76224183	B1MET	GAIN	3	0
chr8	142366200	142667068	B1MET	GAIN	3	2
chr8	144283651	146271129	B1MET	GAIN	4	0
chr11	20840492	21436232	B1MET	GAIN	3	0
chr11	45272453	46309968	B1MET	GAIN	4	0
chr11	49907856	50551954	B1MET	GAIN	6	0
chr11	51193615	51193615	B1MET	GAIN	5	0
chr11	51372036	51483139	B1MET	GAIN	3	0
chr11	78690093	78690093	B1MET	GAIN	3	0
chr11	82108925	82158908	B1MET	GAIN	3	0
chr11	82167757	83748095	B1MET	GAIN	4	0
chr11	86321576	87037680	B1MET	GAIN	5	0
chr11	115622993	115668127	B1MET	GAIN	3	0
chr11	115678621	115774774	B1MET	GAIN	3	1
chr11	134353827	134723096	B1MET	GAIN	3	0
chr12	197841	714842	B1MET	GAIN	4	0
chr12	38713745	39796344	B1MET	GAIN	3	0
chr12	59492245	59956903	B1MET	GAIN	5	1
chr13	19317385	20596565	B1MET	GAIN	3	0
chr13	25035607	25094789	B1MET	GAIN	4	0
chr13	36072729	36875496	B1MET	GAIN	6	0
chr13	36916985	37746954	B1MET	GAIN	4	0
chr13	40518116	41270080	B1MET	GAIN	4	0
chr13	69667020	70974457	B1MET	GAIN	3	0
chr13	70979028	70988401	B1MET	GAIN	4	0
chr13	71849406	71867533	B1MET	GAIN	4	0
chr13	71868359	72306245	B1MET	GAIN	3	0
chr13	77218573	77256532	B1MET	GAIN	4	0
chr13	77274819	77709314	B1MET	GAIN	3	0
chr16	105444	848755	B1MET	GAIN	5	0
chr18	4376022	4383437	B1MET	GAIN	4	0
chr18	4385048	5424807	B1MET	GAIN	3	0
chr18	24927434	25957703	B1MET	GAIN	4	0
chr18	31026538	31640468	B1MET	GAIN	3	0
chr19	5943306	6940379	B1MET	GAIN	3	1
chr19	57399843	58092699	B1MET	GAIN	3	0
chr19	58106623	59065952	B1MET	GAIN	3	1
chr20	68749	419067	B1MET	GAIN	3	0
chr20	425097	2047179	B1MET	GAIN	4	0
chr20	2050481	3681283	B1MET	GAIN	3	0
chr20	34950604	35556192	B1MET	GAIN	4	0
chr1	31151452	32547587	B2MET	GAIN	5	0
chr1	40543019	40636387	B2MET	GAIN	6	0
chr1	45196770	45457278	B2MET	GAIN	6	0
chr1	73736562	75473978	B2MET	GAIN	6	0
chr1	118609761	120526982	B2MET	GAIN	3	0
chr2	33037159	34275263	B2MET	GAIN	3	2
chr3	93639320	94495036	B2MET	GAIN	3	0
chr3	94523335	96045751	B2MET	GAIN	3	2
chr5	70771693	72206862	B2MET	GAIN	4	0
chr8	143265173	143270729	B2MET	GAIN	4	0
chr8	145737286	145802447	B2MET	GAIN	4	0
chr11	68292930	68302101	B2MET	GAIN	5	0
chr11	70789000	70824963	B2MET	GAIN	5	0
chr11	73364673	74257850	B2MET	GAIN	8	0
chr11	74262213	75939600	B2MET	GAIN	8	1
chr11	79064479	79388988	B2MET	GAIN	8	0
chr11	84176261	85074270	B2MET	GAIN	8	1
chr11	90661841	92195193	B2MET	GAIN	8	0
chr14	20347564	21626496	B2MET	GAIN	4	0
chr14	32812532	33378798	B2MET	GAIN	4	0
chr14	38400094	39673991	B2MET	GAIN	3	0
chr14	44338004	45897330	B2MET	GAIN	3	0
chr14	52204675	53281883	B2MET	GAIN	3	0
chr14	55564641	55564641	B2MET	GAIN	3	0
chr14	55609234	55609234	B2MET	GAIN	6	0
chr16	24370251	25474616	B2MET	GAIN	4	2
chr17	26789828	27911557	B2MET	GAIN	4	0
chr17	34389418	34472963	B2MET	GAIN	5	0
chr17	45088455	46445993	B2MET	GAIN	3	2
chr17	79044284	80969550	B2MET	GAIN	6	0
chr17	80980141	81025393	B2MET	GAIN	4	0
chr19	22768771	24284455	B2MET	GAIN	3	1
chr19	28385923	28469512	B2MET	GAIN	3	2
chr1	53952141	54187449	B3MET	GAIN	3	0
chr4	91254945	91271176	B3MET	GAIN	3	1
chr19	33013506	34219871	B3MET	GAIN	4	0
chr1	46905802	46964305	B4MET	GAIN	3	0
chr1	199433291	199441521	B4MET	GAIN	4	0
chr1	199450063	199634402	B4MET	GAIN	3	0
chr1	199690702	199690702	B4MET	GAIN	4	0
chr2	60074136	60079250	B4MET	GAIN	5	1
chr2	60090785	60822323	B4MET	GAIN	4	1
chr2	60832662	60838156	B4MET	GAIN	5	1
chr2	78803313	79310943	B4MET	GAIN	8	1
chr2	184024702	184069487	B4MET	GAIN	3	1
chr3	71230143	72731997	B4MET	GAIN	5	0
chr3	72747253	72812746	B4MET	GAIN	3	0
chr3	79533095	79567629	B4MET	GAIN	3	0
chr3	87600636	88431461	B4MET	GAIN	5	2
chr3	88442852	89417064	B4MET	GAIN	6	0
chr3	180342293	180342293	B4MET	GAIN	6	0
chr5	44662515	45602976	B4MET	GAIN	8	2
chr6	53989526	55171842	B4MET	GAIN	5	2
chr6	55189085	55191223	B4MET	GAIN	5	0
chr7	68665692	68736093	B4MET	GAIN	3	0
chr8	35137310	36104136	B4MET	GAIN	8	0
chr8	39769939	41231950	B4MET	GAIN	3	0
chr8	41252090	43105570	B4MET	GAIN	6	0
chr8	112616415	113618413	B4MET	GAIN	8	2
chr8	113662583	115011589	B4MET	GAIN	6	0
chr8	115034776	115732418	B4MET	GAIN	8	2
chr10	42827951	44321351	B4MET	GAIN	3	1
chr10	44341964	44494546	B4MET	GAIN	6	0
chr10	65929545	67327167	B4MET	GAIN	6	0
chr10	67379181	68057021	B4MET	GAIN	6	2
chr10	113737605	113737605	B4MET	GAIN	3	1
chr12	117384162	117386085	B4MET	GAIN	3	0
chr12	132033521	133236746	B4MET	GAIN	3	1
chr12	133312853	133734113	B4MET	GAIN	4	0
chr16	105444	1608082	B4MET	GAIN	4	0
chr17	28236645	28236645	B4MET	GAIN	4	0
chr17	31283481	31811476	B4MET	GAIN	8	1
chr17	31847693	32944070	B4MET	GAIN	3	0
chr17	32971434	33463568	B4MET	GAIN	8	1
chr17	37543328	38223403	B4MET	GAIN	8	1
chr17	42005741	42555485	B4MET	GAIN	6	0
chr17	46071584	46445993	B4MET	GAIN	6	0
chr17	46509447	47209861	B4MET	GAIN	8	2
chr17	47210506	48285769	B4MET	GAIN	8	0
chr17	48290686	48298966	B4MET	GAIN	4	0
chr17	48305312	49521225	B4MET	GAIN	3	1
chr17	49532237	49547698	B4MET	GAIN	4	0
chr17	57538281	57538281	B4MET	GAIN	4	0
chr17	65424717	66690586	B4MET	GAIN	6	0
chr17	66700965	66721439	B4MET	GAIN	5	0
chr17	72134892	73942150	B4MET	GAIN	3	1
chr17	73969835	73993640	B4MET	GAIN	3	0
chr18	27491494	27500628	B4MET	GAIN	3	1
chr22	17012935	17621704	B4MET	GAIN	3	0
chr1	34889492	35882659	B5MET	GAIN	5	0
chr1	35951038	35985004	B5MET	GAIN	3	0
chr1	37303737	37303737	B5MET	GAIN	3	0
chr1	37328230	38207825	B5MET	GAIN	6	0
chr1	38231069	39518006	B5MET	GAIN	7	0
chr1	41761220	41821779	B5MET	GAIN	6	0
chr1	41830257	41830257	B5MET	GAIN	8	0
chr1	41839342	42864868	B5MET	GAIN	6	0
chr1	42876423	44617687	B5MET	GAIN	8	0
chr1	44681113	45039205	B5MET	GAIN	6	0
chr1	45067768	46568836	B5MET	GAIN	4	0
chr1	46600917	46621740	B5MET	GAIN	5	0
chr1	47068584	47068584	B5MET	GAIN	5	0
chr1	47089617	49049675	B5MET	GAIN	6	0
chr1	49511424	49527451	B5MET	GAIN	5	0
chr1	49580287	49840870	B5MET	GAIN	8	2
chr1	50049490	50722989	B5MET	GAIN	5	0
chr1	58531627	58531627	B5MET	GAIN	5	0
chr1	61282089	61510619	B5MET	GAIN	8	0
chr1	61558197	62324451	B5MET	GAIN	6	0
chr1	64614011	64622069	B5MET	GAIN	5	0
chr1	144617179	145725689	B5MET	GAIN	4	2
chr1	145730160	145736438	B5MET	GAIN	7	1
chr1	145747463	147381558	B5MET	GAIN	8	1
chr1	149060682	149815536	B5MET	GAIN	8	1
chr1	181954718	181954718	B5MET	GAIN	4	1
chr1	203840037	204030721	B5MET	GAIN	8	1
chr1	204054323	204057993	B5MET	GAIN	4	1
chr3	93639320	93738694	B5MET	GAIN	3	1
chr3	99228513	99256035	B5MET	GAIN	5	0
chr3	102502059	102569012	B5MET	GAIN	5	0
chr3	107222388	109002032	B5MET	GAIN	5	0
chr3	109027157	110965554	B5MET	GAIN	3	1
chr3	110973976	110987911	B5MET	GAIN	5	0
chr3	114028633	114028633	B5MET	GAIN	5	0
chr3	114112056	115219719	B5MET	GAIN	4	1
chr3	115232912	115404991	B5MET	GAIN	5	0
chr3	115420104	116275754	B5MET	GAIN	4	1
chr3	116281408	117172164	B5MET	GAIN	5	0
chr3	117185148	117838063	B5MET	GAIN	6	0
chr3	117887300	117887300	B5MET	GAIN	5	0
chr3	117913539	118162623	B5MET	GAIN	3	1
chr3	171705816	171736443	B5MET	GAIN	3	1
chr6	63173293	63291027	B5MET	GAIN	6	0
chr6	90450135	91363390	B5MET	GAIN	5	0
chr6	102480523	102847110	B5MET	GAIN	8	0
chr6	102852318	103625805	B5MET	GAIN	6	0
chr6	103635120	103652391	B5MET	GAIN	5	0
chr6	103716267	104921322	B5MET	GAIN	3	0
chr6	104924823	104930625	B5MET	GAIN	5	0
chr6	104948139	105315369	B5MET	GAIN	8	2
chr6	106644953	108623855	B5MET	GAIN	8	0
chr6	127412728	127965850	B5MET	GAIN	7	0
chr6	132537834	133692366	B5MET	GAIN	4	0
chr6	133694338	133703325	B5MET	GAIN	3	0
chr6	143861900	143867336	B5MET	GAIN	5	0
chr6	146672103	147934947	B5MET	GAIN	4	0
chr6	147934995	148614267	B5MET	GAIN	3	0
chr6	148667310	148671794	B5MET	GAIN	5	0
chr6	148678866	150364009	B5MET	GAIN	6	0
chr6	150370552	151855488	B5MET	GAIN	5	0
chr6	151860110	151867730	B5MET	GAIN	8	0
chr6	151873896	152831067	B5MET	GAIN	8	1
chr6	152836660	153572513	B5MET	GAIN	8	0
chr6	158097475	158486110	B5MET	GAIN	8	0
chr7	51375641	53167501	B5MET	GAIN	4	0
chr7	62836933	63175168	B5MET	GAIN	3	1
chr7	63249780	63249780	B5MET	GAIN	4	0
chr7	63315072	64900821	B5MET	GAIN	3	0
chr7	64907357	65083582	B5MET	GAIN	4	0
chr7	65202326	66448791	B5MET	GAIN	3	2
chr8	31523972	32932263	B5MET	GAIN	3	0
chr9	16831375	18051005	B5MET	GAIN	5	0
chr9	20246894	20898233	B5MET	GAIN	8	0
chr9	24467698	24985964	B5MET	GAIN	8	0
chr9	134272423	134890430	B5MET	GAIN	3	0
chr10	11104819	11922731	B5MET	GAIN	5	0
chr11	71281860	71289089	B5MET	GAIN	5	0
chr11	83613351	83613351	B5MET	GAIN	5	0
chr11	86350791	86350791	B5MET	GAIN	5	0
chr11	86386784	87533352	B5MET	GAIN	8	0
chr11	87566389	87566389	B5MET	GAIN	5	0
chr11	87574807	88147078	B5MET	GAIN	4	0
chr11	88275316	89150372	B5MET	GAIN	8	0
chr11	89440231	89962734	B5MET	GAIN	4	0
chr11	93842104	94199272	B5MET	GAIN	5	0
chr11	94824666	94825729	B5MET	GAIN	5	0
chr11	97737007	97744330	B5MET	GAIN	5	0
chr11	100135324	101416602	B5MET	GAIN	8	0
chr11	101429819	101433161	B5MET	GAIN	6	0
chr11	134299606	134931635	B5MET	GAIN	5	0
chr14	51692699	51728356	B5MET	GAIN	8	0
chr14	51750463	51750463	B5MET	GAIN	3	0
chr14	51750735	51875282	B5MET	GAIN	6	0
chr14	51886747	51886747	B5MET	GAIN	3	0
chr14	51895123	53488391	B5MET	GAIN	6	0
chr14	53505891	53505891	B5MET	GAIN	3	0
chr14	68674793	69965169	B5MET	GAIN	3	0
chr14	75685023	76584756	B5MET	GAIN	3	0
chr17	37597185	38143548	B5MET	GAIN	8	1
chr18	220658	1762595	B5MET	GAIN	4	0
chr18	14253537	15082789	B5MET	GAIN	3	0
chr19	23503445	24186653	B5MET	GAIN	3	2
chr19	24217064	24217064	B5MET	GAIN	3	0
chr19	24231229	24284455	B5MET	GAIN	5	0
chr19	55883879	55896709	B5MET	GAIN	5	0
chr20	29889768	31503443	B5MET	GAIN	5	0
chr21	18300451	18303318	B5MET	GAIN	5	0
chr22	37807303	38134166	B5MET	GAIN	8	1
chr22	38157805	38522887	B5MET	GAIN	6	0
chr2	174634087	175597601	B6MET	GAIN	5	0
chr2	175598518	177397832	B6MET	GAIN	4	0
chr3	82389573	83415578	B6MET	GAIN	3	0
chr3	85881725	85903031	B6MET	GAIN	5	0
chr3	85986720	87158116	B6MET	GAIN	8	1
chr4	67826009	68874618	B6MET	GAIN	3	0
chr4	79025681	79612009	B6MET	GAIN	8	1
chr4	79634522	80539001	B6MET	GAIN	8	0
chr4	80543277	81001542	B6MET	GAIN	4	0
chr4	81028336	83007475	B6MET	GAIN	8	0
chr4	83029942	83210000	B6MET	GAIN	3	0
chr4	83218230	83319611	B6MET	GAIN	8	0
chr4	83325574	84793018	B6MET	GAIN	8	1
chr4	165733052	166199390	B6MET	GAIN	8	0
chr5	159774217	160541427	B6MET	GAIN	6	0
chr5	162732792	163135314	B6MET	GAIN	3	1
chr5	163187708	163749514	B6MET	GAIN	8	0
chr6	5101520	6762167	B6MET	GAIN	4	0
chr6	29499505	30422632	B6MET	GAIN	5	2
chr9	20005312	21017884	B6MET	GAIN	8	1
chr9	21037771	21046482	B6MET	GAIN	3	0
chr9	34467119	34467119	B6MET	GAIN	3	0
chr9	34469025	35031343	B6MET	GAIN	8	1
chr9	35055669	35141705	B6MET	GAIN	3	0
chr17	36223325	37409625	B6MET	GAIN	4	0
chr17	37507772	38040763	B6MET	GAIN	8	1
chr19	276245	629303	B6MET	GAIN	4	0
chr2	101911385	102088370	C1MET	GAIN	5	0
chr3	193058273	193495514	C1MET	GAIN	6	0
chr4	90770408	91230579	C1MET	GAIN	4	1
chr5	13394171	14342262	C1MET	GAIN	6	0
chr5	135212048	136715749	C1MET	GAIN	4	1
chr5	147902703	148758027	C1MET	GAIN	6	0
chr5	153702252	154499047	C1MET	GAIN	5	0
chr5	159351460	159446499	C1MET	GAIN	6	0
chr5	159447213	159448136	C1MET	GAIN	4	0
chr5	159489455	160046184	C1MET	GAIN	3	2
chr6	62415691	62685661	C1MET	GAIN	3	2
chr7	117105755	117378356	C1MET	GAIN	3	1
chr8	29682635	30369438	C1MET	GAIN	4	0
chr10	60115223	60981423	C1MET	GAIN	5	0
chr10	88079367	89175636	C1MET	GAIN	6	0
chr12	4363350	4954591	C1MET	GAIN	7	0
chr21	18921821	19568486	C1MET	GAIN	4	0
chr21	39978141	40564885	C1MET	GAIN	4	0
chr22	41895409	42238027	C1MET	GAIN	6	0
chr22	44469935	45409136	C1MET	GAIN	3	1
chr1	44202991	45133561	C2MET	GAIN	5	0
chr2	95537501	97257528	C2MET	GAIN	4	0
chr2	228600612	228753972	C2MET	GAIN	4	0
chr2	234669144	234991336	C2MET	GAIN	4	0
chr3	60220486	60228660	C2MET	GAIN	3	1
chr4	130949366	131884313	C2MET	GAIN	3	1
chr6	27828667	28668480	C2MET	GAIN	4	2
chr6	148470854	148924798	C2MET	GAIN	5	0
chr6	162405853	162541706	C2MET	GAIN	3	0
chr6	162559158	162559158	C2MET	GAIN	4	0
chr7	55657718	57639830	C2MET	GAIN	4	2
chr7	110181022	110678370	C2MET	GAIN	3	0
chr8	38430234	39588338	C2MET	GAIN	3	0
chr8	146102910	146135866	C2MET	GAIN	4	0
chr8	146145702	146264325	C2MET	GAIN	5	0
chr11	51193615	51483139	C2MET	GAIN	3	0
chr12	114971650	115524148	C2MET	GAIN	4	0
chr12	132608889	133723621	C2MET	GAIN	4	0
chr16	46889354	48654075	C2MET	GAIN	4	0
chr16	55880874	56327744	C2MET	GAIN	3	0
chr17	21736353	22026080	C2MET	GAIN	4	0
chr20	2712329	3629701	C2MET	GAIN	4	0
chr20	12978517	13296953	C2MET	GAIN	4	0
chr20	13320457	14303281	C2MET	GAIN	5	0
chr20	14317390	14713890	C2MET	GAIN	3	0
chr20	14890211	14917269	C2MET	GAIN	5	0
chr20	15122254	15141959	C2MET	GAIN	5	0
chr20	15145088	15443446	C2MET	GAIN	6	0
chr20	15450279	15455573	C2MET	GAIN	5	0
chr20	29558463	30777336	C2MET	GAIN	5	0
chr1	105395113	106650268	C3MET	GAIN	3	0
chr2	77833759	78100362	C3MET	GAIN	3	0
chr4	48708512	48960863	C3MET	GAIN	3	0
chr6	68533069	69082145	C3MET	GAIN	4	2
chr6	69124811	69124811	C3MET	GAIN	5	1
chr6	69156120	71079888	C3MET	GAIN	5	2
chr7	62836933	64137087	C3MET	GAIN	6	0
chr8	90406301	92347533	C3MET	GAIN	5	1
chr11	98461972	99316019	C3MET	GAIN	4	1
chr12	26622942	27723244	C3MET	GAIN	5	0
chr13	67371705	68785705	C3MET	GAIN	5	0
chr13	83191238	84287553	C3MET	GAIN	4	0
chr16	46889354	48491952	C3MET	GAIN	5	2
chr18	18655451	19603013	C3MET	GAIN	3	1
chr18	24479960	25039212	C3MET	GAIN	7	0
chr18	66309996	67600991	C3MET	GAIN	3	1
chr18	69844644	70250672	C3MET	GAIN	8	0
chr20	24330115	25011423	C3MET	GAIN	7	2
chr20	25020937	25730968	C3MET	GAIN	6	0
chr1	196014544	197735497	C4MET	GAIN	3	1
chr1	197781198	199150453	C4MET	GAIN	4	0
chr1	199181905	199634402	C4MET	GAIN	4	1
chr1	210793972	211016418	C4MET	GAIN	3	1
chr1	217988772	218708110	C4MET	GAIN	3	1
chr1	218708603	219051070	C4MET	GAIN	4	0
chr1	219053976	219943715	C4MET	GAIN	3	1
chr5	54126400	55882179	C4MET	GAIN	3	2
chr2	33740855	34942918	C5MET	GAIN	4	2
chr8	47800155	49718692	C5MET	GAIN	4	2
chr10	135853	1914990	C5MET	GAIN	5	0
chr10	1918528	2338198	C5MET	GAIN	3	0
chr10	16393736	16610962	C5MET	GAIN	3	0
chr10	16682602	18644913	C5MET	GAIN	5	0
chr10	42877581	44747059	C5MET	GAIN	5	0
chr10	44749854	44911999	C5MET	GAIN	3	0
chr10	52002204	52678031	C5MET	GAIN	3	0
chr10	66341269	67700170	C5MET	GAIN	3	0
chr10	85029143	86806057	C5MET	GAIN	5	0
chr12	68850924	70842805	C5MET	GAIN	3	2
chr14	102798055	104006693	C5MET	GAIN	4	0
chr20	14352394	16248453	C5MET	GAIN	3	0
chr20	16460715	18393499	C5MET	GAIN	3	0
chr20	24683554	25730968	C5MET	GAIN	6	0
chr1	151575756	152016425	L1MET	GAIN	6	0
chr1	162029291	162030654	L1MET	GAIN	4	0
chr1	179042300	179735387	L1MET	GAIN	3	2
chr3	93639320	94235153	L1MET	GAIN	3	2
chr3	98734914	98769721	L1MET	GAIN	5	1
chr4	90880403	90880403	L1MET	GAIN	3	1
chr5	54019772	54047137	L1MET	GAIN	8	2
chr5	54126400	54126400	L1MET	GAIN	3	0
chr5	57894922	58081681	L1MET	GAIN	8	0
chr5	104275994	104731689	L1MET	GAIN	8	0
chr6	71731535	73086145	L1MET	GAIN	3	1
chr6	135432552	136464760	L1MET	GAIN	3	0
chr6	136482727	136482727	L1MET	GAIN	4	0
chr6	136508916	137361292	L1MET	GAIN	5	2
chr7	62836933	64409809	L1MET	GAIN	5	1
chr7	64416284	64416284	L1MET	GAIN	4	1
chr7	64436980	65509258	L1MET	GAIN	3	2
chr8	82545437	82578730	L1MET	GAIN	3	1
chr12	86742607	86742607	L1MET	GAIN	3	1
chr14	35337365	35569795	L1MET	GAIN	7	0
chr14	35571651	36732149	L1MET	GAIN	4	0
chr14	36733852	37327512	L1MET	GAIN	6	0
chr14	78472730	79443296	L1MET	GAIN	5	0
chr16	4774237	6707692	L1MET	GAIN	4	1
chr17	21168137	22026080	L1MET	GAIN	4	1
chr18	14085167	14090271	L1MET	GAIN	6	1
chr18	14090403	15082789	L1MET	GAIN	5	1
chr19	33780261	33780261	L1MET	GAIN	4	1
chr21	18023205	18024644	L1MET	GAIN	5	0
chr21	18040023	18082846	L1MET	GAIN	4	0
chr21	18091248	18117108	L1MET	GAIN	6	0
chr21	18142335	18774306	L1MET	GAIN	8	0
chr21	25779132	26385726	L1MET	GAIN	7	0
chr2	65979640	67714761	L2MET	GAIN	4	0
chr2	107152142	107152142	L2MET	GAIN	3	0
chr2	109960595	110458666	L2MET	GAIN	4	0
chr2	196163964	197605400	L2MET	GAIN	3	1
chr3	196838486	197811684	L2MET	GAIN	4	0
chr5	45165715	45602976	L2MET	GAIN	4	0
chr6	65829390	67625027	L2MET	GAIN	4	0
chr8	90105157	90897511	L2MET	GAIN	6	0
chr8	94385560	95275933	L2MET	GAIN	6	0
chr8	95279760	95281278	L2MET	GAIN	7	1
chr8	103440763	104471749	L2MET	GAIN	6	0
chr10	30643872	31586372	L2MET	GAIN	4	0
chr12	38713745	39982882	L2MET	GAIN	4	0
chr13	88986585	89715502	L2MET	GAIN	4	0
chr13	112334749	112348064	L2MET	GAIN	4	0
chr14	20347564	20347564	L2MET	GAIN	5	0
chr17	9734656	9735369	L2MET	GAIN	4	0
chr17	44800046	46093539	L2MET	GAIN	4	0
chr18	42407476	43773903	L2MET	GAIN	5	0
chr1	40083476	40560399	L3MET	GAIN	7	1
chr4	367927	2256716	L3MET	GAIN	4	0
chr4	2504910	3942867	L3MET	GAIN	3	0
chr12	97639144	98091288	L3MET	GAIN	3	0
chr14	36681923	37062033	L3MET	GAIN	3	0
chr17	21425273	22026080	L3MET	GAIN	3	0
chr18	3327541	4032543	L3MET	GAIN	6	0
chr19	1122147	2396243	L3MET	GAIN	3	0
chr19	28385923	29279929	L3MET	GAIN	3	0
chr19	29285471	29305946	L3MET	GAIN	5	0
chr1	37240886	37240886	L4MET	GAIN	3	0
chr1	37303737	37668630	L4MET	GAIN	6	0
chr1	46964305	47142475	L4MET	GAIN	3	0
chr1	47188150	47201798	L4MET	GAIN	3	1
chr1	144617179	146501348	L4MET	GAIN	4	0
chr1	146510112	147375981	L4MET	GAIN	5	2
chr1	172559323	172575959	L4MET	GAIN	3	0
chr1	246766435	248496863	L4MET	GAIN	4	0
chr2	137474142	138537633	L4MET	GAIN	4	2
chr2	138591741	138624319	L4MET	GAIN	3	0
chr2	233180919	233180919	L4MET	GAIN	6	0
chr2	233215403	234759800	L4MET	GAIN	5	0
chr3	30741405	31319355	L4MET	GAIN	5	1
chr3	93639320	94235153	L4MET	GAIN	3	2
chr3	94268157	96168115	L4MET	GAIN	3	1
chr3	96244775	96547411	L4MET	GAIN	5	0
chr4	48914936	48988450	L4MET	GAIN	3	0
chr4	52784678	53243713	L4MET	GAIN	3	0
chr4	55862338	55862338	L4MET	GAIN	3	0
chr4	58196071	58196071	L4MET	GAIN	3	0
chr4	88552784	88552784	L4MET	GAIN	3	0
chr5	49708187	51448042	L4MET	GAIN	6	0
chr5	89124369	89751450	L4MET	GAIN	6	0
chr6	5094746	5101520	L4MET	GAIN	3	0
chr6	5106807	5710354	L4MET	GAIN	6	0
chr7	5814689	7570959	L4MET	GAIN	4	0
chr7	7618720	9136820	L4MET	GAIN	3	0
chr8	17673299	18720624	L4MET	GAIN	6	0
chr8	131278618	131281826	L4MET	GAIN	7	0
chr8	141506903	141506903	L4MET	GAIN	8	0
chr8	141530057	142104071	L4MET	GAIN	7	2
chr10	19839161	20778441	L4MET	GAIN	5	1
chr10	35815727	37416376	L4MET	GAIN	5	0
chr10	37425238	37520625	L4MET	GAIN	6	0
chr10	37559338	38619174	L4MET	GAIN	4	0
chr11	67501626	67715028	L4MET	GAIN	5	0
chr11	108879868	108887701	L4MET	GAIN	3	0
chr12	24185520	24185520	L4MET	GAIN	3	1
chr12	24188598	25254576	L4MET	GAIN	4	0
chr13	35603879	35708232	L4MET	GAIN	5	1
chr13	36132703	36132703	L4MET	GAIN	3	0
chr14	85985712	85985712	L4MET	GAIN	3	0
chr14	86119665	86127082	L4MET	GAIN	3	0
chr14	86127799	86702588	L4MET	GAIN	5	0
chr14	86720031	86723195	L4MET	GAIN	3	0
chr15	83337059	83923022	L4MET	GAIN	3	1
chr18	3192682	4081692	L4MET	GAIN	4	0
chr18	14085167	15082789	L4MET	GAIN	6	0
chr18	30255638	30266570	L4MET	GAIN	6	0
chr18	31232549	32332162	L4MET	GAIN	5	0
chr20	68749	1806815	L4MET	GAIN	5	0
chr20	46937893	46947639	L4MET	GAIN	3	0
chr21	47526240	48052169	L4MET	GAIN	5	1
chr1	4197035	5747488	L5MET	GAIN	4	0
chr2	141799879	142261821	L5MET	GAIN	6	0
chr2	142290687	142290687	L5MET	GAIN	4	0
chr3	77089395	78693840	L5MET	GAIN	6	0
chr3	93639320	94415048	L5MET	GAIN	5	0
chr3	94437412	95917311	L5MET	GAIN	5	2
chr5	2346621	3338013	L5MET	GAIN	4	0
chr11	47280653	47286290	L5MET	GAIN	4	0
chr16	77686375	77697750	L5MET	GAIN	4	0
chr16	77699078	78106440	L5MET	GAIN	6	0
chr17	31346135	33205043	L5MET	GAIN	4	0
chr19	28385923	29052303	L5MET	GAIN	7	0
chr20	7812350	8611999	L5MET	GAIN	4	0
chr20	19047923	20984510	L5MET	GAIN	6	0
chr20	23903973	24471903	L5MET	GAIN	5	0
chr20	24487003	24504850	L5MET	GAIN	4	0
chr20	45110334	45110334	L5MET	GAIN	5	0
chr1	2082566	3633537	L6MET	GAIN	4	0
chr1	144617179	145599038	L6MET	GAIN	6	0
chr1	164288668	164335309	L6MET	GAIN	5	0
chr1	164336084	164747408	L6MET	GAIN	6	0
chr3	78503357	78503357	L6MET	GAIN	4	0
chr3	78511515	80143818	L6MET	GAIN	3	1
chr3	80158934	80463682	L6MET	GAIN	5	0
chr3	81968869	81987410	L6MET	GAIN	4	0
chr3	93639320	94146460	L6MET	GAIN	5	2
chr3	94190840	94455418	L6MET	GAIN	4	0
chr3	94495036	95033388	L6MET	GAIN	5	2
chr3	95068715	95083343	L6MET	GAIN	4	0
chr4	72304002	73449917	L6MET	GAIN	4	0
chr5	99784	1797735	L6MET	GAIN	6	0
chr5	49708187	50139286	L6MET	GAIN	6	0
chr6	62415691	63410641	L6MET	GAIN	4	0
chr6	80410876	80624656	L6MET	GAIN	3	0
chr6	85066581	85246086	L6MET	GAIN	4	0
chr7	62836933	63114887	L6MET	GAIN	3	0
chr7	63156419	64679561	L6MET	GAIN	4	0
chr7	64700434	64700434	L6MET	GAIN	3	0
chr8	2304723	2475475	L6MET	GAIN	6	0
chr8	92049496	92049496	L6MET	GAIN	3	0
chr9	89429681	89501366	L6MET	GAIN	4	0
chr9	128303394	130191186	L6MET	GAIN	4	0
chr9	133000282	134680532	L6MET	GAIN	4	0
chr11	23841971	25777213	L6MET	GAIN	3	0
chr12	2434778	3744487	L6MET	GAIN	5	1
chr12	19490585	19516941	L6MET	GAIN	7	1
chr12	23128602	24959594	L6MET	GAIN	7	1
chr12	38713745	39432943	L6MET	GAIN	6	0
chr12	39441305	40147599	L6MET	GAIN	7	0
chr12	40159587	40174871	L6MET	GAIN	6	0
chr12	40195422	40287933	L6MET	GAIN	5	0
chr12	40302599	40302599	L6MET	GAIN	4	0
chr12	40321846	42287373	L6MET	GAIN	5	0
chr12	42291928	42916073	L6MET	GAIN	4	2
chr12	42927587	42927587	L6MET	GAIN	5	0
chr12	56988342	56988342	L6MET	GAIN	4	0
chr12	63088455	64597327	L6MET	GAIN	3	1
chr12	67475305	68850924	L6MET	GAIN	3	1
chr12	68882772	68886956	L6MET	GAIN	4	0
chr12	75861087	77782433	L6MET	GAIN	3	1
chr12	77782686	78229365	L6MET	GAIN	5	0
chr12	78229636	78713946	L6MET	GAIN	3	1
chr14	30780729	30839557	L6MET	GAIN	6	0
chr14	57998867	58493564	L6MET	GAIN	4	0
chr16	25456814	26795341	L6MET	GAIN	3	0
chr16	51468892	52352112	L6MET	GAIN	3	0
chr16	55527891	55558730	L6MET	GAIN	3	0
chr16	55561665	56832302	L6MET	GAIN	4	0
chr16	56840328	56840328	L6MET	GAIN	3	0
chr16	57521274	58587737	L6MET	GAIN	3	0
chr16	59542037	59963932	L6MET	GAIN	4	0
chr16	60483967	61283766	L6MET	GAIN	4	0
chr17	43472507	44865439	L6MET	GAIN	3	2
chr17	44868187	44870255	L6MET	GAIN	4	0
chr17	49442178	50396534	L6MET	GAIN	4	0
chr18	9701782	11596076	L6MET	GAIN	4	0
chr1	84528434	84548284	L7MET	GAIN	6	0
chr1	94044597	94049237	L7MET	GAIN	6	0
chr1	99516611	99533944	L7MET	GAIN	5	0
chr1	99536341	100466279	L7MET	GAIN	7	0
chr1	100575933	102357104	L7MET	GAIN	5	0
chr1	157754359	158784259	L7MET	GAIN	4	1
chr1	161928327	162957811	L7MET	GAIN	4	1
chr1	162959836	164268177	L7MET	GAIN	6	0
chr1	164274152	164336084	L7MET	GAIN	4	1
chr1	164372210	164899436	L7MET	GAIN	6	0
chr1	164922847	165297703	L7MET	GAIN	4	1
chr1	165313427	166086171	L7MET	GAIN	6	0
chr1	166087578	166539001	L7MET	GAIN	4	1
chr1	166545275	167403625	L7MET	GAIN	6	0
chr1	169671088	169677709	L7MET	GAIN	4	1
chr1	177602068	178504880	L7MET	GAIN	6	0
chr2	62298745	63564683	L7MET	GAIN	8	1
chr3	86752414	86782973	L7MET	GAIN	4	1
chr3	88815135	89237732	L7MET	GAIN	6	0
chr3	89271087	89271087	L7MET	GAIN	8	0
chr3	89309406	89417064	L7MET	GAIN	8	2
chr4	594372	1986972	L7MET	GAIN	5	0
chr4	38080507	39837128	L7MET	GAIN	5	0
chr4	39894988	40941473	L7MET	GAIN	3	1
chr4	47573660	48972651	L7MET	GAIN	3	1
chr4	48988450	48988450	L7MET	GAIN	5	0
chr5	99784	956671	L7MET	GAIN	5	0
chr5	4785389	4795354	L7MET	GAIN	5	0
chr5	44208592	45602976	L7MET	GAIN	5	0
chr5	172570220	172590025	L7MET	GAIN	3	1
chr5	179201847	179201847	L7MET	GAIN	3	1
chr5	179220638	180638410	L7MET	GAIN	4	1
chr6	62415691	62702178	L7MET	GAIN	7	2
chr6	62705029	63562515	L7MET	GAIN	6	0
chr6	66237309	67628407	L7MET	GAIN	6	0
chr6	85563069	87456331	L7MET	GAIN	6	0
chr7	54412608	55561884	L7MET	GAIN	6	0
chr7	55597235	57571771	L7MET	GAIN	4	0
chr7	62836933	63114887	L7MET	GAIN	4	0
chr8	41798202	43105570	L7MET	GAIN	6	0
chr10	46167847	47695269	L7MET	GAIN	6	0
chr11	49964146	50551954	L7MET	GAIN	3	2
chr11	51193615	51483139	L7MET	GAIN	6	0
chr11	126891313	126894591	L7MET	GAIN	5	0
chr13	44972629	44980528	L7MET	GAIN	3	1
chr13	91331300	91336218	L7MET	GAIN	3	1
chr14	20347564	20665301	L7MET	GAIN	4	1
chr15	42115426	42684389	L7MET	GAIN	6	1
chr16	78966197	80486522	L7MET	GAIN	3	1
chr17	19389	152362	L7MET	GAIN	8	1
chr17	15338256	15352204	L7MET	GAIN	5	1
chr19	51523897	52105859	L7MET	GAIN	3	1
chr20	29889768	30431255	L7MET	GAIN	3	2
chr20	30437522	30437522	L7MET	GAIN	4	0
chr21	20394231	20395279	L7MET	GAIN	4	1
chr21	44437142	44610913	L7MET	GAIN	7	1
chr21	44716050	46098545	L7MET	GAIN	3	1
chr21	46104530	46104530	L7MET	GAIN	4	1
chr21	46115163	48052169	L7MET	GAIN	5	1
chr22	17012935	17603801	L7MET	GAIN	3	0
chr22	50193337	51150473	L7MET	GAIN	3	1
chr1	4104757	4814400	L8MET	GAIN	3	2
chr1	47981663	49196334	L8MET	GAIN	4	0
chr1	49210570	50669370	L8MET	GAIN	3	2
chr1	246199315	247207285	L8MET	GAIN	3	2
chr1	247241668	249154567	L8MET	GAIN	5	0
chr4	47843628	48988450	L8MET	GAIN	5	0
chr5	29831967	31642204	L8MET	GAIN	5	0
chr5	31647977	31647977	L8MET	GAIN	4	0
chr5	35315860	36422893	L8MET	GAIN	5	0
chr5	36430755	36435476	L8MET	GAIN	4	0
chr5	36435597	37901942	L8MET	GAIN	3	2
chr5	37905088	39195423	L8MET	GAIN	4	0
chr5	39205914	40904992	L8MET	GAIN	3	2
chr5	40915165	42553879	L8MET	GAIN	4	0
chr5	150451650	150455732	L8MET	GAIN	3	0
chr6	31125569	32430752	L8MET	GAIN	4	0
chr6	56877460	58028607	L8MET	GAIN	3	1
chr6	62415691	63410641	L8MET	GAIN	3	2
chr6	84982208	86137888	L8MET	GAIN	5	0
chr6	91957965	91970752	L8MET	GAIN	3	0
chr7	62836933	64537992	L8MET	GAIN	5	0
chr9	9787587	11337156	L8MET	GAIN	3	1
chr11	8243170	8247131	L8MET	GAIN	3	1
chr14	24300497	24307676	L8MET	GAIN	5	0
chr14	53809424	55247874	L8MET	GAIN	6	0
chr14	55285588	56166871	L8MET	GAIN	5	2
chr16	71535620	71573547	L8MET	GAIN	4	1
chr16	71615613	72450482	L8MET	GAIN	5	1
chr17	25630388	27576299	L8MET	GAIN	4	1
chr17	27611880	27611880	L8MET	GAIN	3	1
chr18	44838164	44866849	L8MET	GAIN	7	1
chr18	44908097	46861612	L8MET	GAIN	8	1
chr18	57845876	59330019	L8MET	GAIN	8	1
chr18	59350507	59350507	L8MET	GAIN	3	1
chr18	62910957	62910957	L8MET	GAIN	3	1
chr18	64877872	65220234	L8MET	GAIN	7	1
chr19	57702466	59065952	L8MET	GAIN	4	1
chr1	22465160	22680517	L9MET	GAIN	6	0
chr1	22683405	22690923	L9MET	GAIN	5	0
chr1	22691058	23039909	L9MET	GAIN	4	1
chr1	23045943	23055360	L9MET	GAIN	5	0
chr1	23061551	23859521	L9MET	GAIN	6	0
chr1	209661908	210348155	L9MET	GAIN	6	0
chr1	247552084	249154567	L9MET	GAIN	4	2
chr2	16036368	16469396	L9MET	GAIN	8	1
chr6	56281321	58028607	L9MET	GAIN	4	2
chr6	62415691	63798860	L9MET	GAIN	4	2
chr8	144339053	145802447	L9MET	GAIN	6	0
chr8	145818782	146271129	L9MET	GAIN	4	0
chr10	135853	2101561	L9MET	GAIN	4	0
chr13	19317385	20507957	L9MET	GAIN	3	1
chr13	20509203	22041045	L9MET	GAIN	4	0
chr13	25468742	25474845	L9MET	GAIN	4	0
chr13	30570103	30574667	L9MET	GAIN	4	0
chr13	30580656	31718552	L9MET	GAIN	5	0
chr14	105608564	107231967	L9MET	GAIN	5	1
chr15	33952326	35944396	L9MET	GAIN	3	2
chr17	19389	1852831	L9MET	GAIN	3	2
chr19	23983297	24284455	L9MET	GAIN	3	1
chr19	51996392	53478109	L9MET	GAIN	3	1
chr19	53485090	53485090	L9MET	GAIN	3	2
chr19	53505812	53541112	L9MET	GAIN	4	0
chr20	60919960	62195087	L9MET	GAIN	5	0
chr20	62212928	62900717	L9MET	GAIN	4	0
chr1	68851568	68851568	Li10aMET	GAIN	3	0
chr1	214682931	214685978	Li10aMET	GAIN	4	0
chr1	218458227	218465933	Li10aMET	GAIN	4	0
chr1	237344644	237355844	Li10aMET	GAIN	4	0
chr1	243056785	243056785	Li10aMET	GAIN	4	0
chr5	82879340	82879340	Li10aMET	GAIN	3	0
chr5	107193946	107196976	Li10aMET	GAIN	3	0
chr6	29566842	30552502	Li10aMET	GAIN	3	2
chr6	30562021	30987211	Li10aMET	GAIN	6	0
chr6	30993499	31489644	Li10aMET	GAIN	3	2
chr6	112661761	112661896	Li10aMET	GAIN	4	0
chr6	129678863	129678863	Li10aMET	GAIN	4	0
chr6	160719593	160741106	Li10aMET	GAIN	4	0
chr8	4874850	4874850	Li10aMET	GAIN	5	0
chr8	31272592	31276365	Li10aMET	GAIN	5	0
chr10	60664514	60683190	Li10aMET	GAIN	4	0
chr10	82338336	82340707	Li10aMET	GAIN	4	0
chr10	88141534	88158854	Li10aMET	GAIN	4	0
chr10	127325562	127325562	Li10aMET	GAIN	4	0
chr11	8625817	8625817	Li10aMET	GAIN	4	0
chr11	20199278	20199610	Li10aMET	GAIN	4	0
chr11	31945989	31945989	Li10aMET	GAIN	4	0
chr14	49557446	49562036	Li10aMET	GAIN	3	0
chr21	26194122	26194122	Li10aMET	GAIN	5	0
chr6	29566842	30552937	Li10bMET	GAIN	6	2
chr6	30562021	30578335	Li10bMET	GAIN	5	0
chr6	30594394	30991559	Li10bMET	GAIN	6	0
chr6	30993499	30998742	Li10bMET	GAIN	5	0
chr6	30999997	31518354	Li10bMET	GAIN	4	2
chr6	31520426	31522669	Li10bMET	GAIN	5	0
chr8	37360288	37381976	Li10bMET	GAIN	3	1
chr14	24810370	24812899	Li10bMET	GAIN	3	0
chr21	25781028	25782618	Li10bMET	GAIN	5	0
chr21	42739979	42746081	Li10bMET	GAIN	5	0
chr2	99959845	100534633	Li11aMET	GAIN	4	0
chr3	89271087	89417064	Li11aMET	GAIN	4	1
chr6	25152674	26354572	Li11aMET	GAIN	4	2
chr6	67625027	67628407	Li11aMET	GAIN	4	0
chr6	67648681	69041861	Li11aMET	GAIN	3	0
chr6	69082145	69082145	Li11aMET	GAIN	4	0
chr6	69124811	71085959	Li11aMET	GAIN	6	0
chr6	71087091	71087091	Li11aMET	GAIN	4	0
chr6	71238105	72749978	Li11aMET	GAIN	3	0
chr6	72758831	72758831	Li11aMET	GAIN	4	0
chr6	72805811	74680740	Li11aMET	GAIN	6	0
chr8	39553628	40933986	Li11aMET	GAIN	3	0
chr12	56879548	58167788	Li11aMET	GAIN	6	0
chr12	58229377	58234262	Li11aMET	GAIN	4	0
chr13	84144337	84144337	Li11aMET	GAIN	4	0
chr13	84147170	84350204	Li11aMET	GAIN	3	0
chr15	67484119	67486775	Li11aMET	GAIN	3	1
chr18	139767	1594582	Li11aMET	GAIN	7	1
chr18	1635748	1635748	Li11aMET	GAIN	6	1
chr18	1640432	3234809	Li11aMET	GAIN	5	1
chr20	9577379	9585873	Li11aMET	GAIN	3	0
chr20	17727223	18680688	Li11aMET	GAIN	4	0
chr2	71106880	71754430	Li11bMET	GAIN	4	0
chr2	99924918	100534633	Li11bMET	GAIN	6	0
chr3	14969197	16866253	Li11bMET	GAIN	3	1
chr3	89271087	89417064	Li11bMET	GAIN	4	1
chr5	99784	1953161	Li11bMET	GAIN	5	0
chr8	39136219	40931683	Li11bMET	GAIN	3	0
chr8	43105570	43105570	Li11bMET	GAIN	7	2
chr8	47800155	48936111	Li11bMET	GAIN	5	2
chr12	57104659	58303535	Li11bMET	GAIN	6	0
chr12	58329820	58329820	Li11bMET	GAIN	4	0
chr13	19458371	20814559	Li11bMET	GAIN	6	0
chr13	20817263	20824043	Li11bMET	GAIN	4	0
chr13	20829582	21599824	Li11bMET	GAIN	5	2
chr13	84261395	84262832	Li11bMET	GAIN	4	0
chr18	220658	1738361	Li11bMET	GAIN	6	1
chr18	1742207	1746421	Li11bMET	GAIN	4	1
chr18	1751275	3228815	Li11bMET	GAIN	3	1
chr20	12969400	12980826	Li11bMET	GAIN	4	0
chr20	21142523	21142813	Li11bMET	GAIN	4	0
chr1	44989160	44991278	Li12aMET	GAIN	4	0
chr1	243277476	243309191	Li12aMET	GAIN	3	0
chr2	36614307	36617528	Li12aMET	GAIN	4	0
chr2	48964420	48983395	Li12aMET	GAIN	4	0
chr6	105704168	105742642	Li12aMET	GAIN	3	0
chr6	114417219	114427189	Li12aMET	GAIN	4	0
chr6	124935890	124937930	Li12aMET	GAIN	4	0
chr6	160578271	160578914	Li12aMET	GAIN	4	0
chr7	101091470	101116218	Li12aMET	GAIN	7	0
chr8	6104157	6114273	Li12aMET	GAIN	3	0
chr8	90626359	90632741	Li12aMET	GAIN	3	0
chr8	90635791	92088161	Li12aMET	GAIN	4	2
chr8	92107070	92128840	Li12aMET	GAIN	3	0
chr8	108912166	108917591	Li12aMET	GAIN	3	0
chr8	118320851	118325941	Li12aMET	GAIN	3	0
chr8	131733066	131745284	Li12aMET	GAIN	3	0
chr9	110946296	111969201	Li12aMET	GAIN	6	2
chr9	111973466	111978049	Li12aMET	GAIN	4	0
chr17	49382927	49398048	Li12aMET	GAIN	5	0
chr17	54733715	54738257	Li12aMET	GAIN	5	0
chr1	19954014	21587849	Li12bMET	GAIN	3	0
chr5	57905474	58543332	Li12bMET	GAIN	4	0
chr6	31361710	31468099	Li12bMET	GAIN	5	0
chr7	16666301	17566664	Li12bMET	GAIN	3	0
chr8	90635791	92088161	Li12bMET	GAIN	3	2
chr9	110754102	111963923	Li12bMET	GAIN	4	2
chr10	158946	1286740	Li12bMET	GAIN	6	0
chr10	1306745	1306745	Li12bMET	GAIN	5	0
chr10	1307456	2061812	Li12bMET	GAIN	4	0
chr10	2281519	2286495	Li12bMET	GAIN	4	0
chr10	2287457	3095281	Li12bMET	GAIN	5	0
chr10	6281215	6281215	Li12bMET	GAIN	5	0
chr10	10117897	10467761	Li12bMET	GAIN	4	0
chr16	86308375	87696272	Li12bMET	GAIN	4	0
chr16	88302760	90127080	Li12bMET	GAIN	4	0
chr19	22852247	24284455	Li12bMET	GAIN	4	0
chr20	14661106	16317350	Li12bMET	GAIN	5	0
chr20	18964360	20739031	Li12bMET	GAIN	4	0
chr3	82441812	82448567	Li13aMET	GAIN	3	0
chr6	30070937	30601232	Li13aMET	GAIN	5	2
chr8	47800155	48515523	Li13aMET	GAIN	8	2
chr8	144482856	146271129	Li13aMET	GAIN	6	0
chr3	81905441	82448567	Li13bMET	GAIN	4	0
chr5	179321657	180626686	Li13bMET	GAIN	3	1
chr6	30067892	30682589	Li13bMET	GAIN	4	2
chr8	47800155	48515523	Li13bMET	GAIN	7	2
chr13	68836376	70744882	Li13bMET	GAIN	3	2
chr1	29655746	29658494	Li14aMET	GAIN	4	1
chr1	71100726	71116437	Li14aMET	GAIN	4	1
chr2	33216626	34919515	Li14aMET	GAIN	5	2
chr5	26383363	26384007	Li14aMET	GAIN	4	0
chr6	134732534	134736804	Li14aMET	GAIN	4	1
chr6	166100118	166114123	Li14aMET	GAIN	4	1
chr9	78222406	79190847	Li14aMET	GAIN	8	2
chr9	114711743	116365451	Li14aMET	GAIN	7	2
chr11	91582897	91594036	Li14aMET	GAIN	3	1
chr11	112908855	112912724	Li14aMET	GAIN	3	1
chr12	11944328	11952424	Li14aMET	GAIN	6	0
chr18	33191702	33193212	Li14aMET	GAIN	4	1
chr18	58183931	58184556	Li14aMET	GAIN	6	1
chr18	58197400	60060735	Li14aMET	GAIN	3	1
chr18	60064224	60068125	Li14aMET	GAIN	4	1
chr19	38872536	40688855	Li14aMET	GAIN	8	2
chr21	32191699	32200972	Li14aMET	GAIN	5	0
chr1	29684158	29684158	Li14bMET	GAIN	3	0
chr1	68974292	68974292	Li14bMET	GAIN	3	0
chr1	218261632	218261632	Li14bMET	GAIN	4	0
chr1	236939395	237046160	Li14bMET	GAIN	4	0
chr1	243119242	243309191	Li14bMET	GAIN	4	0
chr2	33216626	34902177	Li14bMET	GAIN	3	2
chr2	34909636	34912850	Li14bMET	GAIN	3	0
chr2	36490476	36490476	Li14bMET	GAIN	3	0
chr2	48771605	48779064	Li14bMET	GAIN	3	0
chr2	60500484	60503230	Li14bMET	GAIN	3	0
chr2	75128656	75128656	Li14bMET	GAIN	3	0
chr2	84936200	84967896	Li14bMET	GAIN	3	0
chr5	66355956	66355956	Li14bMET	GAIN	6	0
chr5	66362459	67302176	Li14bMET	GAIN	4	1
chr6	166100118	166114123	Li14bMET	GAIN	3	1
chr9	32401610	32403290	Li14bMET	GAIN	4	0
chr9	78203448	78203448	Li14bMET	GAIN	6	0
chr9	78206328	79190847	Li14bMET	GAIN	7	2
chr9	114711743	116365451	Li14bMET	GAIN	8	2
chr9	116373700	116386438	Li14bMET	GAIN	6	0
chr10	2960317	2960317	Li14bMET	GAIN	5	0
chr11	91939857	91950217	Li14bMET	GAIN	3	0
chr11	112908855	112908855	Li14bMET	GAIN	3	0
chr12	8774527	8774527	Li14bMET	GAIN	3	0
chr12	11944328	11952424	Li14bMET	GAIN	3	0
chr12	11955338	13434052	Li14bMET	GAIN	6	0
chr12	13437268	13437268	Li14bMET	GAIN	3	0
chr12	24798175	24818977	Li14bMET	GAIN	3	0
chr16	83683945	83683945	Li14bMET	GAIN	4	0
chr17	25630388	27576299	Li14bMET	GAIN	6	0
chr17	72167585	72173910	Li14bMET	GAIN	7	1
chr18	33797182	33802526	Li14bMET	GAIN	5	0
chr18	60016233	60028128	Li14bMET	GAIN	5	0
chr19	31642456	31654615	Li14bMET	GAIN	6	0
chr19	31655337	33047114	Li14bMET	GAIN	3	1
chr20	13812229	13812229	Li14bMET	GAIN	3	0
chr1	229144461	229308283	Li15aMET	GAIN	4	0
chr1	233601813	234886224	Li15aMET	GAIN	3	0
chr4	182383645	183160086	Li15aMET	GAIN	3	0
chr6	62415691	63410641	Li15aMET	GAIN	3	2
chr7	62836933	64679561	Li15aMET	GAIN	3	0
chr7	64700434	66472231	Li15aMET	GAIN	3	2
chr8	57209655	58840924	Li15aMET	GAIN	3	0
chr8	64460952	65303114	Li15aMET	GAIN	3	0
chr8	67169917	68723609	Li15aMET	GAIN	3	0
chr8	112622355	112630334	Li15aMET	GAIN	3	0
chr8	112656042	113618413	Li15aMET	GAIN	4	2
chr8	113662583	114186003	Li15aMET	GAIN	6	0
chr8	119171312	120382592	Li15aMET	GAIN	3	0
chr8	123140360	123140360	Li15aMET	GAIN	3	0
chr8	123179784	123467576	Li15aMET	GAIN	4	0
chr8	123496567	123507509	Li15aMET	GAIN	3	0
chr8	124545147	126108385	Li15aMET	GAIN	3	0
chr8	126132816	127584005	Li15aMET	GAIN	4	0
chr8	127597374	129443161	Li15aMET	GAIN	5	0
chr8	129456625	130853447	Li15aMET	GAIN	4	0
chr12	33534705	34149433	Li15aMET	GAIN	4	0
chr13	68819267	68836376	Li15aMET	GAIN	5	0
chr13	83786517	83793975	Li15aMET	GAIN	4	0
chr15	32019919	32511555	Li15aMET	GAIN	4	0
chr1	776546	1158277	Li15bMET	GAIN	3	0
chr3	181504668	183306876	Li15bMET	GAIN	3	0
chr4	182383645	183160086	Li15bMET	GAIN	3	0
chr5	31869442	32843583	Li15bMET	GAIN	3	0
chr5	101559063	103406680	Li15bMET	GAIN	3	0
chr6	62520127	63556032	Li15bMET	GAIN	3	2
chr8	47800155	48752082	Li15bMET	GAIN	4	0
chr8	48770702	48803675	Li15bMET	GAIN	3	0
chr8	66963989	67840116	Li15bMET	GAIN	3	0
chr8	69067352	70070757	Li15bMET	GAIN	3	0
chr8	90074006	91381801	Li15bMET	GAIN	3	0
chr8	112673991	113618413	Li15bMET	GAIN	4	2
chr8	121763223	121772783	Li15bMET	GAIN	3	0
chr8	122684194	122686768	Li15bMET	GAIN	3	0
chr8	122696798	123345261	Li15bMET	GAIN	4	0
chr8	123347741	123348238	Li15bMET	GAIN	3	0
chr8	123507509	124209157	Li15bMET	GAIN	3	0
chr8	124332900	124332900	Li15bMET	GAIN	4	0
chr8	129475551	130853447	Li15bMET	GAIN	3	0
chr12	33534705	34149433	Li15bMET	GAIN	3	0
chr13	68677837	68819267	Li15bMET	GAIN	4	1
chr13	86152698	86178185	Li15bMET	GAIN	4	1
chr14	20347564	20347564	Li15bMET	GAIN	4	0
chr15	32019919	32513176	Li15bMET	GAIN	3	0
chr20	16607748	17883295	Li15bMET	GAIN	6	0
chr20	17886838	17886838	Li15bMET	GAIN	5	0
chr20	23253584	23260813	Li15bMET	GAIN	5	0
chr20	29889768	31430770	Li15bMET	GAIN	6	0
chr20	31465450	31465450	Li15bMET	GAIN	5	0
chr9	138150588	138325937	Li16MET	GAIN	5	0
chr19	276245	904528	Li16MET	GAIN	6	0
chr19	15575801	15587185	Li16MET	GAIN	3	0
chr19	23503445	24284455	Li16MET	GAIN	3	2
chr1	227070378	227084660	Li17MET	GAIN	3	0
chr3	35973273	35987444	Li17MET	GAIN	4	0
chr3	82765927	82850096	Li17MET	GAIN	4	0
chr3	86289456	86314704	Li17MET	GAIN	4	0
chr7	7856810	9003918	Li17MET	GAIN	4	2
chr8	5443571	5448834	Li17MET	GAIN	3	0
chr8	35182128	35184361	Li17MET	GAIN	3	0
chr8	119437946	121194900	Li17MET	GAIN	8	2
chr8	121210250	121240646	Li17MET	GAIN	6	0
chr8	144093864	144146404	Li17MET	GAIN	6	0
chr10	81682527	81685270	Li17MET	GAIN	6	0
chr11	74806005	74820542	Li17MET	GAIN	4	1
chr12	38713745	39662999	Li17MET	GAIN	8	2
chr12	107491592	107505640	Li17MET	GAIN	5	0
chr14	66690914	66699865	Li17MET	GAIN	4	0
chr18	46241017	46264969	Li17MET	GAIN	3	1
chr12	81098444	81110765	Li1MET	GAIN	4	0
chr12	81137921	82113791	Li1MET	GAIN	3	2
chr2	135298713	135362981	Li2MET	GAIN	4	0
chr11	60185775	60185775	Li2MET	GAIN	4	0
chr2	225861869	227292162	Li3MET	GAIN	7	2
chr2	227294482	227294482	Li3MET	GAIN	3	0
chr3	139380057	140102984	Li3MET	GAIN	7	2
chr8	14863434	15388566	Li3MET	GAIN	8	2
chr9	122631415	124343700	Li3MET	GAIN	5	2
chr9	124362502	124362502	Li3MET	GAIN	4	0
chr11	55091268	56611798	Li3MET	GAIN	5	2
chr2	100172081	100184719	Li4MET	GAIN	3	0
chr2	113192136	113218247	Li4MET	GAIN	3	0
chr2	117319154	117686719	Li4MET	GAIN	3	0
chr2	126625561	127936624	Li4MET	GAIN	4	0
chr8	8230361	8550255	Li4MET	GAIN	5	0
chr8	8557220	8568875	Li4MET	GAIN	6	0
chr8	8583109	9394053	Li4MET	GAIN	5	0
chr8	11160752	12551156	Li4MET	GAIN	3	0
chr8	41746303	43105570	Li4MET	GAIN	3	0
chr8	127678326	128911213	Li4MET	GAIN	7	0
chr8	143222202	143228354	Li4MET	GAIN	5	0
chr11	55091268	57005067	Li4MET	GAIN	3	2
chr12	123160304	123160304	Li4MET	GAIN	3	0
chr12	123191359	124845413	Li4MET	GAIN	4	2
chr17	19180190	19195431	Li4MET	GAIN	3	0
chr17	27769598	27769598	Li4MET	GAIN	4	0
chr21	17088977	17210838	Li4MET	GAIN	4	0
chr21	36638532	37345080	Li4MET	GAIN	5	0
chr22	20306993	20737903	Li4MET	GAIN	5	0
chr22	20740778	21806401	Li4MET	GAIN	8	0
chr1	68167491	68167491	Li5MET	GAIN	4	0
chr2	195448392	195476042	Li5MET	GAIN	5	0
chr7	77958559	77966572	Li5MET	GAIN	4	0
chr8	14873709	14875723	Li5MET	GAIN	5	0
chr8	14877288	15422664	Li5MET	GAIN	8	2
chr8	38599218	38599218	Li5MET	GAIN	5	0
chr14	23861811	23861811	Li5MET	GAIN	3	0
chr1	20295022	20940463	Li6MET	GAIN	5	0
chr1	43410859	44617687	Li6MET	GAIN	4	0
chr1	120047647	121221334	Li6MET	GAIN	6	0
chr4	52784678	54561980	Li6MET	GAIN	4	0
chr4	59035958	59042209	Li6MET	GAIN	4	0
chr4	67607007	67607007	Li6MET	GAIN	4	0
chr4	86335426	86335426	Li6MET	GAIN	4	0
chr5	15530640	16027427	Li6MET	GAIN	3	1
chr5	44422633	44628098	Li6MET	GAIN	4	0
chr5	52614762	52842569	Li6MET	GAIN	3	0
chr10	42877581	44849350	Li6MET	GAIN	6	2
chr13	19317385	20105471	Li6MET	GAIN	6	1
chr17	21831307	22026080	Li6MET	GAIN	4	0
chr17	40094835	41127448	Li6MET	GAIN	4	1
chr17	47481374	49299294	Li6MET	GAIN	4	0
chr17	49363737	49667533	Li6MET	GAIN	5	1
chr17	49691255	50047562	Li6MET	GAIN	4	0
chr17	52572286	53477038	Li6MET	GAIN	4	0
chr17	53479066	54482309	Li6MET	GAIN	4	1
chr17	54518069	54526301	Li6MET	GAIN	4	0
chr17	54557543	55756840	Li6MET	GAIN	6	0
chr1	54753840	55311452	Li7MET	GAIN	4	0
chr4	105400344	106467126	Li7MET	GAIN	5	0
chr6	57165948	58028607	Li7MET	GAIN	4	0
chr6	120143752	121895061	Li7MET	GAIN	5	2
chr6	162741184	162778346	Li7MET	GAIN	4	0
chr6	162779151	163320125	Li7MET	GAIN	4	2
chr7	157903478	158986017	Li7MET	GAIN	4	0
chr20	2460993	4034197	Li7MET	GAIN	6	0
chr5	13207967	14637272	Li8aMET	GAIN	5	0
chr5	31204843	32834199	Li8aMET	GAIN	5	0
chr5	51787940	52237991	Li8aMET	GAIN	6	0
chr5	56527661	57391846	Li8aMET	GAIN	5	0
chr5	66676147	67475952	Li8aMET	GAIN	6	0
chr8	34711699	34711699	Li8aMET	GAIN	4	0
chr8	34780509	34854498	Li8aMET	GAIN	5	0
chr8	34866368	34866368	Li8aMET	GAIN	4	0
chr8	38804226	40431991	Li8aMET	GAIN	4	0
chr8	75767414	75767414	Li8aMET	GAIN	4	0
chr8	75772574	76323329	Li8aMET	GAIN	3	0
chr8	80437943	81476365	Li8aMET	GAIN	8	0
chr8	81501052	82383934	Li8aMET	GAIN	4	0
chr8	92867821	92880676	Li8aMET	GAIN	4	0
chr8	121861465	121873345	Li8aMET	GAIN	4	0
chr14	59665286	59691661	Li8aMET	GAIN	5	0
chr14	59725906	60771653	Li8aMET	GAIN	4	0
chr16	5885940	7454739	Li8aMET	GAIN	3	0
chr18	13546937	15082789	Li8aMET	GAIN	3	0
chr5	99784	1320247	Li8bMET	GAIN	6	0
chr5	1342714	2841709	Li8bMET	GAIN	4	0
chr5	2851856	2852127	Li8bMET	GAIN	5	0
chr5	2858054	4227497	Li8bMET	GAIN	6	0
chr5	4235808	4244462	Li8bMET	GAIN	5	0
chr5	18467699	18759551	Li8bMET	GAIN	8	0
chr5	18777746	18795292	Li8bMET	GAIN	5	0
chr5	18797589	20114606	Li8bMET	GAIN	4	0
chr5	20123406	20143940	Li8bMET	GAIN	5	0
chr5	24287790	24320108	Li8bMET	GAIN	5	0
chr5	24335447	24916565	Li8bMET	GAIN	8	0
chr5	24926647	24930124	Li8bMET	GAIN	7	0
chr5	24948884	25228227	Li8bMET	GAIN	6	0
chr5	25254434	25302983	Li8bMET	GAIN	5	0
chr5	30800973	31299254	Li8bMET	GAIN	5	0
chr5	51794898	52024627	Li8bMET	GAIN	6	0
chr5	52031088	52226067	Li8bMET	GAIN	8	0
chr5	56592647	57391846	Li8bMET	GAIN	6	0
chr5	66676147	67494991	Li8bMET	GAIN	6	0
chr8	35801618	35831046	Li8bMET	GAIN	5	0
chr8	50265730	50290167	Li8bMET	GAIN	5	0
chr8	54439839	54460873	Li8bMET	GAIN	5	0
chr8	54462119	56081356	Li8bMET	GAIN	3	0
chr8	56081879	56111322	Li8bMET	GAIN	5	0
chr8	58364888	58390733	Li8bMET	GAIN	5	0
chr8	58394712	59321015	Li8bMET	GAIN	3	0
chr8	68885634	68904848	Li8bMET	GAIN	6	0
chr8	68911168	69990756	Li8bMET	GAIN	7	0
chr8	69992380	71366165	Li8bMET	GAIN	4	0
chr8	71371902	71426233	Li8bMET	GAIN	5	0
chr8	75818891	77749820	Li8bMET	GAIN	5	0
chr8	80352815	81470120	Li8bMET	GAIN	8	1
chr8	81476365	82499131	Li8bMET	GAIN	6	0
chr8	82523326	82545437	Li8bMET	GAIN	5	0
chr8	82545970	84374321	Li8bMET	GAIN	3	0
chr8	84389871	84447990	Li8bMET	GAIN	5	0
chr8	92153391	93357620	Li8bMET	GAIN	3	0
chr8	93369299	93393331	Li8bMET	GAIN	5	0
chr8	97685591	97741971	Li8bMET	GAIN	5	0
chr8	97772970	99374659	Li8bMET	GAIN	4	0
chr8	106224061	106234642	Li8bMET	GAIN	5	0
chr8	131554761	132202889	Li8bMET	GAIN	4	0
chr8	132220181	132292590	Li8bMET	GAIN	5	0
chr8	132293461	134257697	Li8bMET	GAIN	7	0
chr8	134260174	134260817	Li8bMET	GAIN	6	0
chr8	134266585	134895198	Li8bMET	GAIN	4	0
chr8	138596758	138599275	Li8bMET	GAIN	5	0
chr8	138612383	139191312	Li8bMET	GAIN	4	0
chr8	141838360	143653364	Li8bMET	GAIN	4	0
chr10	67709586	68171803	Li8bMET	GAIN	3	1
chr12	8394377	8609795	Li8bMET	GAIN	3	0
chr12	8664351	9434842	Li8bMET	GAIN	4	0
chr12	9435244	9473157	Li8bMET	GAIN	3	0
chr1	8272526	10195940	Li9aMET	GAIN	3	1
chr1	121184898	121221334	Li9aMET	GAIN	3	0
chr7	2649673	4413313	Li9aMET	GAIN	3	0
chr8	37127023	38993605	Li9aMET	GAIN	5	0
chr8	39042042	39042042	Li9aMET	GAIN	4	0
chr8	39128387	40028306	Li9aMET	GAIN	6	0
chr8	144309595	146271129	Li9aMET	GAIN	6	0
chr1	119773596	121184898	Li9bMET	GAIN	3	0
chr7	137534627	137559455	Li9bMET	GAIN	3	1
chr8	37098052	38602323	Li9bMET	GAIN	3	0
chr8	127924065	129748718	Li9bMET	GAIN	5	0
chr8	144335295	146271129	Li9bMET	GAIN	6	0
chr16	6537353	6547541	Li9bMET	GAIN	3	0
chr20	42733847	42736729	Li9bMET	GAIN	6	0
chr20	42747247	43941226	Li9bMET	GAIN	7	0
chr1	3741782	5553470	R1aMET	GAIN	4	0
chr1	199433291	199441521	R1aMET	GAIN	4	0
chr1	214830617	214833425	R1aMET	GAIN	4	0
chr2	39905856	39944055	R1aMET	GAIN	4	0
chr2	42047032	42047032	R1aMET	GAIN	4	0
chr2	49143829	49143829	R1aMET	GAIN	4	0
chr2	49153675	49714129	R1aMET	GAIN	5	2
chr2	49715021	49716202	R1aMET	GAIN	4	0
chr2	53389666	53389666	R1aMET	GAIN	4	0
chr2	56070352	56070352	R1aMET	GAIN	4	0
chr2	60832662	60838156	R1aMET	GAIN	4	0
chr2	84550200	84550200	R1aMET	GAIN	4	0
chr2	168625881	168633681	R1aMET	GAIN	4	0
chr2	168635552	169082242	R1aMET	GAIN	4	2
chr2	169095854	169096765	R1aMET	GAIN	4	0
chr3	143031250	144167396	R1aMET	GAIN	5	2
chr3	144170066	144170066	R1aMET	GAIN	4	1
chr6	22085658	23931801	R1aMET	GAIN	6	0
chr6	47739785	47749539	R1aMET	GAIN	6	0
chr6	47754498	48641380	R1aMET	GAIN	6	2
chr6	105153614	105154521	R1aMET	GAIN	4	0
chr7	69087650	70242821	R1aMET	GAIN	4	0
chr7	76134203	76134203	R1aMET	GAIN	4	0
chr7	96660192	96660192	R1aMET	GAIN	4	0
chr7	108212353	108212353	R1aMET	GAIN	4	0
chr7	127059236	127059236	R1aMET	GAIN	4	0
chr8	5828855	5835671	R1aMET	GAIN	4	0
chr8	13202138	13209661	R1aMET	GAIN	4	0
chr8	17244051	17244051	R1aMET	GAIN	4	0
chr8	21598077	21602192	R1aMET	GAIN	4	0
chr9	75231217	75231217	R1aMET	GAIN	4	0
chr9	77357968	77358745	R1aMET	GAIN	4	0
chr9	81154501	81169107	R1aMET	GAIN	4	0
chr9	84117747	84124991	R1aMET	GAIN	4	0
chr11	32063229	32065256	R1aMET	GAIN	4	0
chr11	36756359	36756359	R1aMET	GAIN	4	0
chr11	42574391	42589657	R1aMET	GAIN	4	0
chr11	45776525	45781188	R1aMET	GAIN	4	0
chr12	14955901	14955901	R1aMET	GAIN	4	0
chr12	33048743	34149433	R1aMET	GAIN	4	0
chr12	92312427	92331588	R1aMET	GAIN	4	0
chr14	49513032	49546662	R1aMET	GAIN	4	0
chr14	49785233	49804540	R1aMET	GAIN	4	0
chr14	78596887	78600741	R1aMET	GAIN	4	0
chr14	79075141	79079036	R1aMET	GAIN	4	0
chr14	87924278	87935026	R1aMET	GAIN	4	0
chr14	87989382	88232546	R1aMET	GAIN	6	0
chr14	88273845	89430335	R1aMET	GAIN	3	2
chr14	104554921	104559852	R1aMET	GAIN	4	0
chr15	46032151	46032151	R1aMET	GAIN	4	0
chr15	48521489	48526271	R1aMET	GAIN	4	0
chr16	88022811	89420356	R1aMET	GAIN	6	0
chr18	22159015	22516866	R1aMET	GAIN	4	2
chr20	6115581	6416132	R1aMET	GAIN	4	0
chr22	17012935	17467474	R1aMET	GAIN	4	0
chr2	104979	584523	R1bMET	GAIN	6	2
chr2	60832662	60838156	R1bMET	GAIN	4	0
chr3	111488596	111513720	R1bMET	GAIN	4	1
chr3	143031250	144167396	R1bMET	GAIN	6	2
chr3	144170066	144170066	R1bMET	GAIN	5	1
chr4	24454502	24454502	R1bMET	GAIN	4	0
chr4	27268342	27280902	R1bMET	GAIN	4	0
chr4	36534404	36562966	R1bMET	GAIN	4	0
chr7	63385883	64720305	R1bMET	GAIN	4	0
chr7	69087650	70242821	R1bMET	GAIN	5	0
chr8	5773530	5778519	R1bMET	GAIN	4	0
chr12	32989235	34149433	R1bMET	GAIN	4	0
chr5	81219261	82484885	R2MET	GAIN	3	0
chr5	84899446	85961838	R2MET	GAIN	3	0
chr6	62415691	62761314	R2MET	GAIN	4	0
chr12	104772791	106716740	R2MET	GAIN	4	0
chr1	776546	1110019	R3MET	GAIN	6	0
chr2	57965893	57970943	R3MET	GAIN	3	0
chr2	60155276	60155276	R3MET	GAIN	3	0
chr4	55715633	55717962	R3MET	GAIN	5	0
chr4	183040169	183450690	R3MET	GAIN	3	0
chr4	185117077	186031823	R3MET	GAIN	3	0
chr5	44800665	45602976	R3MET	GAIN	5	2
chr6	47318885	47323254	R3MET	GAIN	4	1
chr7	16666454	18281894	R3MET	GAIN	3	0
chr7	47422049	47427643	R3MET	GAIN	3	0
chr7	49069994	50034351	R3MET	GAIN	3	0
chr7	53244852	53729051	R3MET	GAIN	4	0
chr8	36565705	37696874	R3MET	GAIN	5	0
chr8	37707898	37727281	R3MET	GAIN	3	0
chr8	37750289	39148247	R3MET	GAIN	3	1
chr8	141332262	142188039	R3MET	GAIN	4	1
chr8	145919126	145919126	R3MET	GAIN	5	1
chr8	145947776	146271129	R3MET	GAIN	4	1
chr9	35055669	36488261	R3MET	GAIN	3	1
chr9	37916408	38753508	R3MET	GAIN	3	1
chr9	128149249	130123425	R3MET	GAIN	3	1
chr10	133924823	135252347	R3MET	GAIN	3	1
chr10	135278193	135428246	R3MET	GAIN	5	0
chr12	20774085	21520352	R3MET	GAIN	4	0
chr12	73627576	75581001	R3MET	GAIN	6	0
chr12	75658569	77644940	R3MET	GAIN	4	0
chr12	82272631	82289038	R3MET	GAIN	4	0
chr12	122781897	124159766	R3MET	GAIN	3	2
chr15	86344912	87460714	R3MET	GAIN	4	2
chr18	21622632	22991439	R3MET	GAIN	4	0
chr18	23001714	24037239	R3MET	GAIN	3	0
chr18	24042875	25155323	R3MET	GAIN	4	0
chr18	29170483	29901375	R3MET	GAIN	3	0
chr18	29902326	29963308	R3MET	GAIN	5	0
chr18	29967333	31280122	R3MET	GAIN	4	0
chr20	24915500	25043111	R3MET	GAIN	5	0
chr20	25049909	25053105	R3MET	GAIN	4	0
chr20	25059442	26134642	R3MET	GAIN	5	0
chr20	48398879	48398879	R3MET	GAIN	5	0
chr20	50735181	51776908	R3MET	GAIN	6	0
chr20	51788718	52464353	R3MET	GAIN	4	0
chr20	52478771	54433204	R3MET	GAIN	6	0
chr20	54444425	55530163	R3MET	GAIN	4	0
chr1	776546	1567206	R4MET	GAIN	3	0
chr3	87766543	89088459	R4MET	GAIN	5	2
chr3	89103302	89417064	R4MET	GAIN	6	0
chr6	62415691	63562515	R4MET	GAIN	3	2
chr12	33417902	33419575	R4MET	GAIN	4	0
chr12	33428948	34149433	R4MET	GAIN	5	2
chr12	40731961	40731961	R4MET	GAIN	4	0
chr12	40756207	42123650	R4MET	GAIN	6	0
chr19	28385923	28444957	R4MET	GAIN	4	2
chr19	28451030	28453315	R4MET	GAIN	4	0
chr19	28457604	28685647	R4MET	GAIN	6	0
chr19	28692266	28697379	R4MET	GAIN	4	0
chr19	28711181	28890854	R4MET	GAIN	5	2
chr2	169062731	169065468	R5MET	GAIN	4	0
chr6	105153614	105154521	R5MET	GAIN	4	0
chr6	114937265	114937265	R5MET	GAIN	4	0
chr6	129822837	129833023	R5MET	GAIN	4	0
chr6	159171342	159183351	R5MET	GAIN	4	0
chr7	8179846	8179846	R5MET	GAIN	4	0
chr7	77952630	77953166	R5MET	GAIN	4	0
chr7	96757057	96757057	R5MET	GAIN	4	0
chr8	104249839	104249839	R5MET	GAIN	4	0
chr8	118729295	118738651	R5MET	GAIN	4	0
chr8	131879068	131883786	R5MET	GAIN	4	0
chr9	13759929	13762898	R5MET	GAIN	5	0
chr10	11663611	11663611	R5MET	GAIN	4	0
chr11	126434881	126437941	R5MET	GAIN	4	0
chr17	31423831	33205043	R5MET	GAIN	4	0
chr20	6115581	6115581	R5MET	GAIN	4	0
chr20	6129268	6671980	R5MET	GAIN	3	2
chr20	6673018	6678538	R5MET	GAIN	4	0
chr1	68851568	68865445	R6MET	GAIN	4	0
chr1	95967757	95977445	R6MET	GAIN	4	0
chr1	108753833	108871245	R6MET	GAIN	4	0
chr2	60167206	60167206	R6MET	GAIN	4	0
chr2	75844627	75844679	R6MET	GAIN	4	0
chr2	84550200	84550200	R6MET	GAIN	4	0
chr2	167253015	168413249	R6MET	GAIN	8	2
chr2	168434795	168434795	R6MET	GAIN	6	0
chr3	73636020	73636020	R6MET	GAIN	3	1
chr5	44398696	44398696	R6MET	GAIN	6	0
chr5	44422633	45602976	R6MET	GAIN	8	2
chr6	44777691	44777691	R6MET	GAIN	4	0
chr6	112081938	112096345	R6MET	GAIN	6	0
chr6	112101725	112781952	R6MET	GAIN	6	2
chr7	2272936	2272936	R6MET	GAIN	4	0
chr7	7703960	7709154	R6MET	GAIN	4	0
chr7	97119556	97122053	R6MET	GAIN	4	0
chr8	94385560	94385560	R6MET	GAIN	4	0
chr8	104690593	104690593	R6MET	GAIN	4	0
chr8	113590548	114371899	R6MET	GAIN	8	2
chr8	123278754	123297701	R6MET	GAIN	4	0
chr10	68922242	68922242	R6MET	GAIN	4	0
chr10	129617888	129617888	R6MET	GAIN	4	0
chr11	3188629	3197290	R6MET	GAIN	4	0
chr11	20942507	20948330	R6MET	GAIN	4	0
chr11	32068785	32071695	R6MET	GAIN	4	0
chr11	37090499	37090499	R6MET	GAIN	4	0
chr11	42464898	42466106	R6MET	GAIN	4	0
chr11	47359706	47359706	R6MET	GAIN	4	0
chr11	78414040	78428818	R6MET	GAIN	4	0
chr11	88047189	88052243	R6MET	GAIN	4	0
chr11	100271469	100271469	R6MET	GAIN	4	0
chr11	130676065	130682921	R6MET	GAIN	4	0
chr14	25887935	25887935	R6MET	GAIN	4	0
chr14	49546662	49546880	R6MET	GAIN	4	0
chr14	78600741	78606824	R6MET	GAIN	4	0
chr14	87871835	87871835	R6MET	GAIN	4	0
chr14	104554044	104554921	R6MET	GAIN	4	0
chr17	67940507	69840451	R6MET	GAIN	6	0
chr2	11530369	24468132	B1MET	DELETION	1	1
chr2	24655725	24674385	B1MET	DELETION	1	1
chr2	37136398	37407178	B1MET	DELETION	1	1
chr3	147505136	154933041	B1MET	DELETION	1	1
chr3	186083611	190470973	B1MET	DELETION	1	1
chr3	190546144	195959924	B1MET	DELETION	1	1
chr4	127452	19410177	B1MET	DELETION	1	1
chr4	19857997	36159118	B1MET	DELETION	1	1
chr4	147834758	154374984	B1MET	DELETION	1	1
chr4	158793663	190748138	B1MET	DELETION	1	1
chr5	158197875	180638410	B1MET	DELETION	1	1
chr7	5146319	5891221	B1MET	DELETION	1	1
chr7	142747291	159089523	B1MET	DELETION	1	1
chr8	191076	3589751	B1MET	DELETION	1	1
chr8	4227483	6376877	B1MET	DELETION	1	1
chr10	56589230	56970011	B1MET	DELETION	1	1
chr11	7495119	7499483	B1MET	DELETION	1	1
chr11	7712661	14206679	B1MET	DELETION	1	1
chr11	131297572	134349754	B1MET	DELETION	1	1
chr12	98983214	99278931	B1MET	DELETION	1	1
chr13	70996953	71835394	B1MET	DELETION	1	1
chr13	76488277	77213185	B1MET	DELETION	1	1
chr15	76103430	80263217	B1MET	DELETION	1	1
chr15	95896156	102385044	B1MET	DELETION	1	1
chr18	71900701	76223981	B1MET	DELETION	1	1
chr18	77400047	77914538	B1MET	DELETION	1	1
chr20	14521106	14553745	B1MET	DELETION	1	1
chr20	14814090	15937424	B1MET	DELETION	1	1
chr20	16934608	22214901	B1MET	DELETION	1	1
chr21	35488903	36184939	B1MET	DELETION	1	1
chr21	36235568	39504356	B1MET	DELETION	1	1
chr6	31377047	31451680	B2MET	DELETION	1	1
chr11	75943540	75983754	B2MET	DELETION	1	1
chr1	776546	1874581	B3MET	DELETION	1	1
chr1	3611892	30540710	B3MET	DELETION	1	1
chr1	117080166	120526982	B3MET	DELETION	1	1
chr3	70895	20863963	B3MET	DELETION	1	1
chr3	42470438	42588822	B3MET	DELETION	1	1
chr3	57945526	83089596	B3MET	DELETION	1	1
chr3	187832419	197811684	B3MET	DELETION	1	1
chr5	9107887	35039486	B3MET	DELETION	1	1
chr5	54392373	78152192	B3MET	DELETION	1	1
chr5	82744472	106081893	B3MET	DELETION	1	1
chr6	95857781	168703821	B3MET	DELETION	1	1
chr7	54183	13104434	B3MET	DELETION	1	1
chr7	27879473	27988689	B3MET	DELETION	1	1
chr8	52910266	65524742	B3MET	DELETION	1	1
chr8	102159018	103845526	B3MET	DELETION	1	1
chr9	191843	38753508	B3MET	DELETION	1	1
chr10	45798202	71748962	B3MET	DELETION	1	1
chr10	116933296	135428246	B3MET	DELETION	1	1
chr12	12458534	17141582	B3MET	DELETION	1	1
chr12	50056339	54980215	B3MET	DELETION	1	1
chr13	19317385	81911032	B3MET	DELETION	1	1
chr13	81980158	82121067	B3MET	DELETION	1	1
chr14	44369532	104559852	B3MET	DELETION	1	1
chr14	105675701	107231967	B3MET	DELETION	1	1
chr15	41804694	68946463	B3MET	DELETION	1	1
chr16	31888684	34914397	B3MET	DELETION	1	1
chr16	50986308	90127080	B3MET	DELETION	1	1
chr17	19389	22026080	B3MET	DELETION	1	1
chr17	25630388	37976469	B3MET	DELETION	1	1
chr18	220658	15082789	B3MET	DELETION	1	1
chr18	18655451	77914538	B3MET	DELETION	1	1
chr19	276245	18361226	B3MET	DELETION	1	1
chr19	34231542	54951408	B3MET	DELETION	1	1
chr20	4731359	6039909	B3MET	DELETION	1	1
chr20	21451848	21967950	B3MET	DELETION	1	1
chr20	50047098	50164140	B3MET	DELETION	1	1
chr21	41142595	48052169	B3MET	DELETION	1	1
chr22	17012935	51150473	B3MET	DELETION	1	1
chr1	7805208	13954726	B4MET	DELETION	1	1
chr9	9937753	10130546	B4MET	DELETION	1	1
chr16	13892805	34914397	B4MET	DELETION	1	1
chr17	28296327	31258352	B4MET	DELETION	1	1
chr17	33486191	37409625	B4MET	DELETION	1	1
chr18	1961967	8634447	B4MET	DELETION	1	1
chr18	55175433	55957987	B4MET	DELETION	1	1
chr19	276245	24284455	B4MET	DELETION	1	1
chr19	33990439	59065952	B4MET	DELETION	1	1
chr22	17634050	18314391	B4MET	DELETION	1	1
chr22	39291626	46238069	B4MET	DELETION	1	1
chr1	147767464	149046978	B5MET	DELETION	1	1
chr6	109475416	121706199	B5MET	DELETION	1	1
chr6	122855421	124979689	B5MET	DELETION	1	1
chr6	153576121	153775310	B5MET	DELETION	1	1
chr6	155182564	158092638	B5MET	DELETION	1	1
chr6	158487143	170832770	B5MET	DELETION	1	1
chr9	75800805	76078682	B5MET	DELETION	1	1
chr17	14400878	15017246	B5MET	DELETION	1	1
chr19	276245	7292583	B5MET	DELETION	1	1
chr19	28385923	32829306	B5MET	DELETION	1	1
chr7	54183	25466521	B6MET	DELETION	1	1
chr7	26147219	31646038	B6MET	DELETION	1	1
chr7	37307515	38297145	B6MET	DELETION	1	1
chr7	48044478	56338805	B6MET	DELETION	1	1
chr9	191843	9601885	B6MET	DELETION	1	1
chr9	14804141	19959158	B6MET	DELETION	1	1
chr3	60236298	60327391	C2MET	DELETION	1	1
chr3	174861035	174940266	C2MET	DELETION	1	1
chr5	61476901	61738245	C2MET	DELETION	1	1
chr5	67493961	67776535	C2MET	DELETION	1	1
chr8	191076	38379631	C2MET	DELETION	1	1
chr10	65621134	65835293	C2MET	DELETION	1	1
chr15	21903815	30156761	C2MET	DELETION	1	1
chr16	78257808	78347738	C2MET	DELETION	1	1
chr20	14714457	14867228	C2MET	DELETION	1	1
chr21	29712958	29793930	C2MET	DELETION	1	1
chr4	127452	3804286	C3MET	DELETION	1	1
chr4	11664714	12859756	C3MET	DELETION	1	1
chr4	19092157	19842636	C3MET	DELETION	1	1
chr4	26229299	37349537	C3MET	DELETION	1	1
chr4	38978171	40196549	C3MET	DELETION	1	1
chr4	40778162	47057759	C3MET	DELETION	1	1
chr8	191076	43105570	C3MET	DELETION	1	1
chr9	10753557	11235661	C3MET	DELETION	1	1
chr9	14446001	14562630	C3MET	DELETION	1	1
chr1	2494330	35055281	C4MET	DELETION	1	1
chr1	36858680	37303737	C4MET	DELETION	1	1
chr1	57627203	57779221	C4MET	DELETION	1	1
chr1	69446281	69664700	C4MET	DELETION	1	1
chr14	62535233	75759060	C4MET	DELETION	1	1
chr16	6699749	6927242	C4MET	DELETION	1	1
chr18	139767	14997823	C4MET	DELETION	1	1
chr18	18655451	77902400	C4MET	DELETION	1	1
chr5	83196320	88893232	C5MET	DELETION	1	1
chr6	5051556	5304851	C5MET	DELETION	1	1
chr8	191076	37897855	C5MET	DELETION	1	1
chr10	92039445	92576448	C5MET	DELETION	1	1
chr10	131598860	135428246	C5MET	DELETION	1	1
chr16	6657851	6759606	C5MET	DELETION	1	1
chr2	220521602	221197071	L1MET	DELETION	1	1
chr8	191076	39779989	L1MET	DELETION	1	1
chr13	112077526	115040497	L1MET	DELETION	1	1
chr14	79520101	79855009	L1MET	DELETION	1	1
chr15	38170552	38721250	L1MET	DELETION	1	1
chr18	26618345	39109891	L1MET	DELETION	1	1
chr18	50436661	77914538	L1MET	DELETION	1	1
chr19	9168586	9878695	L1MET	DELETION	1	1
chr19	33461109	33776212	L1MET	DELETION	1	1
chr3	11249717	12487047	L2MET	DELETION	1	1
chr13	75314681	76625082	L2MET	DELETION	1	1
chr13	78842052	78842052	L2MET	DELETION	1	1
chr13	81187150	85586719	L2MET	DELETION	1	1
chr13	85918681	88985728	L2MET	DELETION	1	1
chr13	89755368	91810936	L2MET	DELETION	1	1
chr13	112505203	112981179	L2MET	DELETION	1	1
chr13	114222206	115040497	L2MET	DELETION	1	1
chr1	116574306	120526982	L3MET	DELETION	1	1
chr3	70895	89417064	L3MET	DELETION	1	1
chr4	7951137	8047973	L3MET	DELETION	1	1
chr4	9579020	10413908	L3MET	DELETION	1	1
chr4	22824021	48543896	L3MET	DELETION	1	1
chr9	191843	32618055	L3MET	DELETION	1	1
chr9	36639442	38753508	L3MET	DELETION	1	1
chr10	135853	38619174	L3MET	DELETION	1	1
chr10	42827951	135428246	L3MET	DELETION	1	1
chr13	19317385	115040497	L3MET	DELETION	1	1
chr15	21903815	102385044	L3MET	DELETION	1	1
chr17	19389	21397964	L3MET	DELETION	1	1
chr4	158609602	170924737	L4MET	DELETION	1	1
chr4	173872313	190748138	L4MET	DELETION	1	1
chr6	156792873	157442069	L4MET	DELETION	1	1
chr9	191843	8332307	L4MET	DELETION	1	1
chr9	130776897	132869344	L4MET	DELETION	1	1
chr13	35814496	36116199	L4MET	DELETION	1	1
chr19	9118319	10867219	L4MET	DELETION	1	1
chr19	47035436	50796905	L4MET	DELETION	1	1
chr9	138669261	141010457	L5MET	DELETION	1	1
chr10	134784486	135428246	L5MET	DELETION	1	1
chr13	113372941	115040497	L5MET	DELETION	1	1
chr16	105444	5127721	L5MET	DELETION	1	1
chr17	19389	2775742	L5MET	DELETION	1	1
chr17	73687495	76923426	L5MET	DELETION	1	1
chr17	76939619	79095144	L5MET	DELETION	1	1
chr17	79310636	81025393	L5MET	DELETION	1	1
chr19	276245	730030	L5MET	DELETION	1	1
chr19	1699146	22076409	L5MET	DELETION	1	1
chr19	45563188	56968314	L5MET	DELETION	1	1
chr22	17012935	25753777	L5MET	DELETION	1	1
chr22	27876939	31748415	L5MET	DELETION	1	1
chr22	35652241	51150473	L5MET	DELETION	1	1
chr9	191843	18872273	L6MET	DELETION	1	1
chr21	24521301	24638617	L6MET	DELETION	1	1
chr8	191076	8094406	L7MET	DELETION	1	1
chr8	12633235	21341744	L7MET	DELETION	1	1
chr8	113748216	116188663	L7MET	DELETION	1	1
chr12	114754618	115222955	L7MET	DELETION	1	1
chr16	78273279	78935730	L7MET	DELETION	1	1
chr18	48328003	48572640	L7MET	DELETION	1	1
chr21	19163803	20378115	L7MET	DELETION	1	1
chr22	17611515	19623386	L7MET	DELETION	1	1
chr22	20944155	26818675	L7MET	DELETION	1	1
chr8	191076	43105570	L8MET	DELETION	1	1
chr8	47800155	63449366	L8MET	DELETION	1	1
chr9	71035938	75136789	L8MET	DELETION	1	1
chr9	78917378	81391164	L8MET	DELETION	1	1
chr9	85964563	101651948	L8MET	DELETION	1	1
chr9	105019080	120099585	L8MET	DELETION	1	1
chr9	123583192	141010457	L8MET	DELETION	1	1
chr12	65232699	78168713	L8MET	DELETION	1	1
chr12	90008959	133734113	L8MET	DELETION	1	1
chr13	19317385	31968590	L8MET	DELETION	1	1
chr13	39843411	50241792	L8MET	DELETION	1	1
chr13	55158519	64516543	L8MET	DELETION	1	1
chr13	73254212	79999716	L8MET	DELETION	1	1
chr13	94988900	101604450	L8MET	DELETION	1	1
chr13	107252337	115040497	L8MET	DELETION	1	1
chr15	21903815	35384908	L8MET	DELETION	1	1
chr15	40313141	48930645	L8MET	DELETION	1	1
chr15	63270333	68662081	L8MET	DELETION	1	1
chr15	72074505	86634163	L8MET	DELETION	1	1
chr15	88448293	94334658	L8MET	DELETION	1	1
chr16	72532362	90127080	L8MET	DELETION	1	1
chr18	66579609	68059939	L8MET	DELETION	1	1
chr18	73056716	77914538	L8MET	DELETION	1	1
chr20	68749	6166488	L8MET	DELETION	1	1
chr1	800007	6196869	Li10aMET	DELETION	1	1
chr1	68865445	82517491	Li10aMET	DELETION	1	1
chr1	95749439	108334434	Li10aMET	DELETION	1	1
chr1	186831073	197482265	Li10aMET	DELETION	1	1
chr1	214694298	218439928	Li10aMET	DELETION	1	1
chr1	237356775	243041047	Li10aMET	DELETION	1	1
chr2	104979	7877131	Li10aMET	DELETION	1	1
chr2	29431344	36521759	Li10aMET	DELETION	1	1
chr2	48831931	60872851	Li10aMET	DELETION	1	1
chr2	75290700	81151831	Li10aMET	DELETION	1	1
chr2	114741437	216129158	Li10aMET	DELETION	1	1
chr3	73412599	89417064	Li10aMET	DELETION	1	1
chr3	93639320	176615819	Li10aMET	DELETION	1	1
chr4	127452	37349537	Li10aMET	DELETION	1	1
chr4	41457923	49019702	Li10aMET	DELETION	1	1
chr4	52784678	190748138	Li10aMET	DELETION	1	1
chr5	38139	32109122	Li10aMET	DELETION	1	1
chr5	82881455	107177381	Li10aMET	DELETION	1	1
chr6	47364957	58028607	Li10aMET	DELETION	1	1
chr6	62415691	104930625	Li10aMET	DELETION	1	1
chr6	112679127	129673136	Li10aMET	DELETION	1	1
chr7	46239	57639830	Li10aMET	DELETION	1	1
chr7	77654514	159089523	Li10aMET	DELETION	1	1
chr8	3088577	4868702	Li10aMET	DELETION	1	1
chr8	47800155	146271129	Li10aMET	DELETION	1	1
chr10	158946	2983081	Li10aMET	DELETION	1	1
chr10	52571924	60619002	Li10aMET	DELETION	1	1
chr10	82343793	88128281	Li10aMET	DELETION	1	1
chr11	20202134	31922718	Li10aMET	DELETION	1	1
chr11	130890970	134901048	Li10aMET	DELETION	1	1
chr13	19317385	115027516	Li10aMET	DELETION	1	1
chr14	36402546	49546880	Li10aMET	DELETION	1	1
chr20	52771261	62860980	Li10aMET	DELETION	1	1
chr8	29287001	37337950	Li10bMET	DELETION	1	1
chr15	21903815	102376761	Li10bMET	DELETION	1	1
chr16	105320	34914397	Li10bMET	DELETION	1	1
chr16	47018079	90127080	Li10bMET	DELETION	1	1
chr17	14417	22026080	Li10bMET	DELETION	1	1
chr17	25630388	81025393	Li10bMET	DELETION	1	1
chr19	267039	24284455	Li10bMET	DELETION	1	1
chr19	28385923	59065952	Li10bMET	DELETION	1	1
chr22	17012935	51151350	Li10bMET	DELETION	1	1
chr2	104979	17368202	Li11aMET	DELETION	1	1
chr2	39944055	44624448	Li11aMET	DELETION	1	1
chr3	45809329	89237732	Li11aMET	DELETION	1	1
chr6	100430803	124156824	Li11aMET	DELETION	1	1
chr6	126113822	170823379	Li11aMET	DELETION	1	1
chr8	191076	14374513	Li11aMET	DELETION	1	1
chr8	14851416	33397032	Li11aMET	DELETION	1	1
chr9	1900689	17736342	Li11aMET	DELETION	1	1
chr9	19528751	33625360	Li11aMET	DELETION	1	1
chr9	71035938	75710330	Li11aMET	DELETION	1	1
chr11	88915570	134901048	Li11aMET	DELETION	1	1
chr16	19941968	20386115	Li11aMET	DELETION	1	1
chr17	7569698	16821204	Li11aMET	DELETION	1	1
chr18	3263391	15082789	Li11aMET	DELETION	1	1
chr18	18655451	66154471	Li11aMET	DELETION	1	1
chr20	9589196	12980826	Li11aMET	DELETION	1	1
chr2	106692	17368202	Li11bMET	DELETION	1	1
chr2	39953746	44596768	Li11bMET	DELETION	1	1
chr3	70895	4530278	Li11bMET	DELETION	1	1
chr3	7498342	9257096	Li11bMET	DELETION	1	1
chr3	12923197	13855350	Li11bMET	DELETION	1	1
chr3	14408618	14941447	Li11bMET	DELETION	1	1
chr3	45809329	89237732	Li11bMET	DELETION	1	1
chr4	181118760	181380227	Li11bMET	DELETION	1	1
chr6	100392532	124133445	Li11bMET	DELETION	1	1
chr6	126113822	168580694	Li11bMET	DELETION	1	1
chr6	169637456	170832770	Li11bMET	DELETION	1	1
chr8	191076	33443076	Li11bMET	DELETION	1	1
chr9	1836746	17736342	Li11bMET	DELETION	1	1
chr9	19526712	33643569	Li11bMET	DELETION	1	1
chr9	71033538	75710330	Li11bMET	DELETION	1	1
chr10	52002204	52209389	Li11bMET	DELETION	1	1
chr10	75785069	76986741	Li11bMET	DELETION	1	1
chr11	88915570	134901048	Li11bMET	DELETION	1	1
chr16	19882000	20439568	Li11bMET	DELETION	1	1
chr17	7560294	16807807	Li11bMET	DELETION	1	1
chr18	3256112	15026309	Li11bMET	DELETION	1	1
chr18	18737664	66133833	Li11bMET	DELETION	1	1
chr20	9582124	12963663	Li11bMET	DELETION	1	1
chr1	238269705	243128212	Li12aMET	DELETION	1	1
chr2	106692	6904791	Li12aMET	DELETION	1	1
chr2	33836922	36575659	Li12aMET	DELETION	1	1
chr2	48997123	53859017	Li12aMET	DELETION	1	1
chr3	70895	11118817	Li12aMET	DELETION	1	1
chr3	73899934	89417064	Li12aMET	DELETION	1	1
chr3	93653992	139034627	Li12aMET	DELETION	1	1
chr4	127452	48999842	Li12aMET	DELETION	1	1
chr4	52784678	190862083	Li12aMET	DELETION	1	1
chr5	99784	31915240	Li12aMET	DELETION	1	1
chr5	82897008	136965249	Li12aMET	DELETION	1	1
chr6	62415691	105682496	Li12aMET	DELETION	1	1
chr6	114437276	124923560	Li12aMET	DELETION	1	1
chr8	191076	6094406	Li12aMET	DELETION	1	1
chr8	108926546	118318971	Li12aMET	DELETION	1	1
chr10	129977477	135427170	Li12aMET	DELETION	1	1
chr12	125646451	133702615	Li12aMET	DELETION	1	1
chr14	76377281	107221800	Li12aMET	DELETION	1	1
chr17	49415060	54728505	Li12aMET	DELETION	1	1
chr18	220658	15026309	Li12aMET	DELETION	1	1
chr18	18737664	77869022	Li12aMET	DELETION	1	1
chr21	14687571	27052625	Li12aMET	DELETION	1	1
chr10	86342022	86547284	Li12bMET	DELETION	1	1
chr10	86670623	87367395	Li12bMET	DELETION	1	1
chr17	63534538	63942253	Li12bMET	DELETION	1	1
chr22	37761994	38085475	Li12bMET	DELETION	1	1
chr3	60349462	61077258	Li13aMET	DELETION	1	1
chr3	60327391	61069814	Li13bMET	DELETION	1	1
chr8	33970202	38013848	Li13bMET	DELETION	1	1
chr1	68990012	81795252	Li14bMET	DELETION	1	1
chr1	214921207	218253106	Li14bMET	DELETION	1	1
chr2	34913212	36486776	Li14bMET	DELETION	1	1
chr2	48787134	60498211	Li14bMET	DELETION	1	1
chr2	75138842	84921433	Li14bMET	DELETION	1	1
chr2	114785086	143453889	Li14bMET	DELETION	1	1
chr2	153654720	171682740	Li14bMET	DELETION	1	1
chr3	70895	4035443	Li14bMET	DELETION	1	1
chr4	42694179	49019702	Li14bMET	DELETION	1	1
chr5	38139	26299629	Li14bMET	DELETION	1	1
chr5	31666904	31670205	Li14bMET	DELETION	1	1
chr6	47732178	58028607	Li14bMET	DELETION	1	1
chr6	133827354	133827354	Li14bMET	DELETION	1	1
chr7	46239	57639830	Li14bMET	DELETION	1	1
chr7	77614334	159089523	Li14bMET	DELETION	1	1
chr8	38993605	43105570	Li14bMET	DELETION	1	1
chr8	47800155	146271129	Li14bMET	DELETION	1	1
chr10	158946	2932234	Li14bMET	DELETION	1	1
chr10	82462346	88100089	Li14bMET	DELETION	1	1
chr11	20091724	31835418	Li14bMET	DELETION	1	1
chr12	13446880	24749874	Li14bMET	DELETION	1	1
chr13	19317385	115027516	Li14bMET	DELETION	1	1
chr16	82476361	83683611	Li14bMET	DELETION	1	1
chr20	13827916	26176813	Li14bMET	DELETION	1	1
chr20	29889768	62860980	Li14bMET	DELETION	1	1
chr1	18631175	19376017	Li15aMET	DELETION	1	1
chr4	183206596	190748138	Li15aMET	DELETION	1	1
chr8	191076	34202968	Li15aMET	DELETION	1	1
chr8	70155917	72533577	Li15aMET	DELETION	1	1
chr8	84222017	89818717	Li15aMET	DELETION	1	1
chr8	95817874	110256090	Li15aMET	DELETION	1	1
chr8	112340385	112616415	Li15aMET	DELETION	1	1
chr8	114664356	116081696	Li15aMET	DELETION	1	1
chr8	116813905	118551305	Li15aMET	DELETION	1	1
chr8	130963259	146271129	Li15aMET	DELETION	1	1
chr11	50417549	51483139	Li15aMET	DELETION	1	1
chr14	20347564	107231967	Li15aMET	DELETION	1	1
chr15	31123235	31697642	Li15aMET	DELETION	1	1
chr16	87121625	90127080	Li15aMET	DELETION	1	1
chr17	19389	22026080	Li15aMET	DELETION	1	1
chr17	28044101	28590530	Li15aMET	DELETION	1	1
chr17	69386667	70445988	Li15aMET	DELETION	1	1
chr18	220658	15082789	Li15aMET	DELETION	1	1
chr18	18655451	77914538	Li15aMET	DELETION	1	1
chr4	183206596	190748138	Li15bMET	DELETION	1	1
chr7	62836933	62838532	Li15bMET	DELETION	1	1
chr8	191076	34202968	Li15bMET	DELETION	1	1
chr8	49630150	66870013	Li15bMET	DELETION	1	1
chr8	67970243	69062328	Li15bMET	DELETION	1	1
chr8	70071420	79871922	Li15bMET	DELETION	1	1
chr8	85185158	90047329	Li15bMET	DELETION	1	1
chr8	91416005	112630334	Li15bMET	DELETION	1	1
chr8	130963259	146271129	Li15bMET	DELETION	1	1
chr12	132699896	133734113	Li15bMET	DELETION	1	1
chr14	20420338	107231967	Li15bMET	DELETION	1	1
chr17	19389	22026080	Li15bMET	DELETION	1	1
chr17	28044101	28590530	Li15bMET	DELETION	1	1
chr18	220658	15082789	Li15bMET	DELETION	1	1
chr18	18655451	77914538	Li15bMET	DELETION	1	1
chr6	162405853	162836296	Li16MET	DELETION	1	1
chr8	191076	32286041	Li16MET	DELETION	1	1
chr20	14840502	15321706	Li16MET	DELETION	1	1
chr5	49708187	68747990	Li17MET	DELETION	1	1
chr5	99146425	103170089	Li17MET	DELETION	1	1
chr5	111968281	135970537	Li17MET	DELETION	1	1
chr17	72083792	81025393	Li17MET	DELETION	1	1
chr18	46266174	77869022	Li17MET	DELETION	1	1
chr19	267039	24284455	Li17MET	DELETION	1	1
chr19	28385923	59065952	Li17MET	DELETION	1	1
chr22	17012935	51151350	Li17MET	DELETION	1	1
chr7	7059936	57639830	Li1MET	DELETION	1	1
chr7	76429959	137753675	Li1MET	DELETION	1	1
chr8	47800155	141188691	Li1MET	DELETION	1	1
chr13	31580438	80628834	Li1MET	DELETION	1	1
chr20	68749	26176813	Li1MET	DELETION	1	1
chr20	29889768	62860980	Li1MET	DELETION	1	1
chr20	29889768	41965936	Li2MET	DELETION	1	1
chr2	227328729	242945309	Li3MET	DELETION	1	1
chr7	46239	57639830	Li3MET	DELETION	1	1
chr7	62836933	159089523	Li3MET	DELETION	1	1
chr8	38063235	43105570	Li3MET	DELETION	1	1
chr8	47800155	146271129	Li3MET	DELETION	1	1
chr13	19317385	115027516	Li3MET	DELETION	1	1
chr17	25630388	81025393	Li3MET	DELETION	1	1
chr19	276245	24284455	Li3MET	DELETION	1	1
chr19	28385923	59065952	Li3MET	DELETION	1	1
chr20	29889768	62860980	Li3MET	DELETION	1	1
chr1	33819562	113214413	Li4MET	DELETION	1	1
chr6	162799117	170823379	Li4MET	DELETION	1	1
chr8	191076	8198225	Li4MET	DELETION	1	1
chr8	9395532	11156163	Li4MET	DELETION	1	1
chr8	12598132	41726974	Li4MET	DELETION	1	1
chr13	19317385	115027516	Li4MET	DELETION	1	1
chr17	10181656	18917324	Li4MET	DELETION	1	1
chr18	139767	15082789	Li4MET	DELETION	1	1
chr18	18655451	77914538	Li4MET	DELETION	1	1
chr3	70895	89417064	Li5MET	DELETION	1	1
chr3	93639320	197782628	Li5MET	DELETION	1	1
chr4	127452	49019702	Li5MET	DELETION	1	1
chr4	52784678	190748138	Li5MET	DELETION	1	1
chr5	38139	43865891	Li5MET	DELETION	1	1
chr6	223584	58028607	Li5MET	DELETION	1	1
chr6	62415691	170823379	Li5MET	DELETION	1	1
chr8	38602323	43105570	Li5MET	DELETION	1	1
chr8	47800155	146271129	Li5MET	DELETION	1	1
chr14	23873092	49804540	Li5MET	DELETION	1	1
chr21	14670124	25616563	Li5MET	DELETION	1	1
chr6	161978943	162114809	Li6MET	DELETION	1	1
chr8	191076	37488996	Li6MET	DELETION	1	1
chr18	876096	2489225	Li6MET	DELETION	1	1
chr18	3472663	8734995	Li6MET	DELETION	1	1
chr18	9515856	10698624	Li6MET	DELETION	1	1
chr18	10897713	15082789	Li6MET	DELETION	1	1
chr18	18655451	34377425	Li6MET	DELETION	1	1
chr18	36235593	56008148	Li6MET	DELETION	1	1
chr18	56809578	67168567	Li6MET	DELETION	1	1
chr18	67600991	77914538	Li6MET	DELETION	1	1
chr21	35281183	42312399	Li6MET	DELETION	1	1
chr3	59943532	60267052	Li7MET	DELETION	1	1
chr6	162450471	162738804	Li7MET	DELETION	1	1
chr8	191076	36049909	Li7MET	DELETION	1	1
chr8	191076	31597593	Li8aMET	DELETION	1	1
chr8	191076	31585000	Li8bMET	DELETION	1	1
chr3	3915789	4180069	Li9aMET	DELETION	1	1
chr3	59789614	60193900	Li9aMET	DELETION	1	1
chr3	96472739	97105552	Li9aMET	DELETION	1	1
chr20	11905642	12202151	Li9aMET	DELETION	1	1
chr3	3900135	4185026	Li9bMET	DELETION	1	1
chr3	59787574	60188605	Li9bMET	DELETION	1	1
chr3	119383278	122886174	Li9bMET	DELETION	1	1
chr5	84136777	88995637	Li9bMET	DELETION	1	1
chr8	191076	37096059	Li9bMET	DELETION	1	1
chr16	6552165	6780889	Li9bMET	DELETION	1	1
chr1	178594196	181310522	R1aMET	DELETION	1	1
chr2	60862874	62349503	R1aMET	DELETION	1	1
chr2	202974099	204529949	R1aMET	DELETION	1	1
chr7	64700434	69006876	R1aMET	DELETION	1	1
chr7	70248469	76059561	R1aMET	DELETION	1	1
chr10	11682355	13417484	R1aMET	DELETION	1	1
chr10	68901252	77250488	R1aMET	DELETION	1	1
chr10	93746420	105356031	R1aMET	DELETION	1	1
chr11	9206279	10375899	R1aMET	DELETION	1	1
chr11	45793023	48234357	R1aMET	DELETION	1	1
chr12	31406907	33021934	R1aMET	DELETION	1	1
chr12	120219064	124338067	R1aMET	DELETION	1	1
chr14	34969433	35949018	R1aMET	DELETION	1	1
chr14	102341650	104554044	R1aMET	DELETION	1	1
chr15	40676997	46020145	R1aMET	DELETION	1	1
chr16	2892370	5194458	R1aMET	DELETION	1	1
chr16	10314003	25605799	R1aMET	DELETION	1	1
chr16	26940347	34914397	R1aMET	DELETION	1	1
chr16	56501806	58993725	R1aMET	DELETION	1	1
chr16	66668869	70608987	R1aMET	DELETION	1	1
chr16	89431603	90127080	R1aMET	DELETION	1	1
chr17	19389	10276646	R1aMET	DELETION	1	1
chr17	25630388	30621930	R1aMET	DELETION	1	1
chr17	35675013	49552676	R1aMET	DELETION	1	1
chr17	72124966	76948501	R1aMET	DELETION	1	1
chr19	276245	21818860	R1aMET	DELETION	1	1
chr19	32661756	59065952	R1aMET	DELETION	1	1
chr20	4845554	6107490	R1aMET	DELETION	1	1
chr20	29889768	36818329	R1aMET	DELETION	1	1
chr22	17490932	26250235	R1aMET	DELETION	1	1
chr22	27980876	46038908	R1aMET	DELETION	1	1
chr1	178476554	181310522	R1bMET	DELETION	1	1
chr7	62836933	63336783	R1bMET	DELETION	1	1
chr7	64731746	69006876	R1bMET	DELETION	1	1
chr7	70248469	76134203	R1bMET	DELETION	1	1
chr10	93479949	102443374	R1bMET	DELETION	1	1
chr11	46171404	49093987	R1bMET	DELETION	1	1
chr12	31410920	32962395	R1bMET	DELETION	1	1
chr12	120278241	124338067	R1bMET	DELETION	1	1
chr14	34842625	35975341	R1bMET	DELETION	1	1
chr14	102857796	104436931	R1bMET	DELETION	1	1
chr16	28322337	34914397	R1bMET	DELETION	1	1
chr18	18655451	19794295	R1bMET	DELETION	1	1
chr19	276245	21214008	R1bMET	DELETION	1	1
chr19	32677182	55652758	R1bMET	DELETION	1	1
chr2	200778866	224860216	R2MET	DELETION	1	1
chr3	70895	89417064	R2MET	DELETION	1	1
chr3	93639320	136580524	R2MET	DELETION	1	1
chr3	140590632	142420683	R2MET	DELETION	1	1
chr6	109689431	111955435	R2MET	DELETION	1	1
chr6	113395946	114561617	R2MET	DELETION	1	1
chr6	114791568	170832770	R2MET	DELETION	1	1
chr7	65560561	66676630	R2MET	DELETION	1	1
chr9	191843	37488009	R2MET	DELETION	1	1
chr9	107076147	141010457	R2MET	DELETION	1	1
chr10	94530832	102368159	R2MET	DELETION	1	1
chr10	102452136	135428246	R2MET	DELETION	1	1
chr13	19317385	57703321	R2MET	DELETION	1	1
chr14	57367706	60902520	R2MET	DELETION	1	1
chr14	61737137	62307224	R2MET	DELETION	1	1
chr14	62749302	64257199	R2MET	DELETION	1	1
chr14	65662491	107231967	R2MET	DELETION	1	1
chr16	49040845	90127080	R2MET	DELETION	1	1
chr17	37190141	37610123	R2MET	DELETION	1	1
chr17	42065925	43430696	R2MET	DELETION	1	1
chr22	41092091	41611063	R2MET	DELETION	1	1
chr2	57821416	57948003	R3MET	DELETION	1	1
chr2	58760640	60142688	R3MET	DELETION	1	1
chr3	86083716	89417064	R3MET	DELETION	1	1
chr4	187421850	188209801	R3MET	DELETION	1	1
chr7	73529976	75479448	R3MET	DELETION	1	1
chr8	191076	31249003	R3MET	DELETION	1	1
chr9	22385355	22616426	R3MET	DELETION	1	1
chr9	23423892	23912009	R3MET	DELETION	1	1
chr9	27316971	28779376	R3MET	DELETION	1	1
chr9	30997203	31842496	R3MET	DELETION	1	1
chr9	32173751	32211402	R3MET	DELETION	1	1
chr9	36639442	37788911	R3MET	DELETION	1	1
chr19	3729042	19361735	R3MET	DELETION	1	1
chr19	54075433	55600736	R3MET	DELETION	1	1
chr20	4741215	6383710	R3MET	DELETION	1	1
chr21	17743767	18330656	R3MET	DELETION	1	1
chr21	19220798	19220798	R3MET	DELETION	1	1
chr22	17697781	17853714	R3MET	DELETION	1	1
chr1	7713021	17895744	R5MET	DELETION	1	1
chr2	60862874	65904304	R5MET	DELETION	1	1
chr4	38225756	42376356	R5MET	DELETION	1	1
chr5	31523281	33119690	R5MET	DELETION	1	1
chr7	4367700	8166023	R5MET	DELETION	1	1
chr7	62836933	77525199	R5MET	DELETION	1	1
chr7	77639656	77939996	R5MET	DELETION	1	1
chr7	96825451	105394542	R5MET	DELETION	1	1
chr8	28093041	43105570	R5MET	DELETION	1	1
chr8	98360795	104231944	R5MET	DELETION	1	1
chr10	11682355	15674416	R5MET	DELETION	1	1
chr11	45793023	51483139	R5MET	DELETION	1	1
chr12	120219064	124721161	R5MET	DELETION	1	1
chr14	20347564	25084632	R5MET	DELETION	1	1
chr14	63759190	78596887	R5MET	DELETION	1	1
chr16	8471719	34914397	R5MET	DELETION	1	1
chr17	19389	10265366	R5MET	DELETION	1	1
chr17	25630388	31410272	R5MET	DELETION	1	1
chr17	33278651	49428559	R5MET	DELETION	1	1
chr19	276245	24284455	R5MET	DELETION	1	1
chr19	32748791	59065952	R5MET	DELETION	1	1
chr22	17012935	18640300	R5MET	DELETION	1	1
chr7	62836933	77459325	R6MET	DELETION	1	1
chr8	24873978	33970202	R6MET	DELETION	1	1
chr9	122810876	134680532	R6MET	DELETION	1	1
chr11	51193615	51483139	R6MET	DELETION	1	1
chr14	34849476	35975341	R6MET	DELETION	1	1
chr16	105444	34914397	R6MET	DELETION	1	1
chr17	19389	11224846	R6MET	DELETION	1	1
chr17	25630388	49823423	R6MET	DELETION	1	1
chr17	52930323	67939997	R6MET	DELETION	1	1
chr17	69890582	81025393	R6MET	DELETION	1	1
chr19	276245	24284455	R6MET	DELETION	1	1
chr19	32657088	59065952	R6MET	DELETION	1	1
chr20	68749	6331985	R6MET	DELETION	1	1
chr20	29889768	50770782	R6MET	DELETION	1	1
chr22	17012935	51150473	R6MET	DELETION	1	1
